Kode Produk,Nama Produk,Kuantitas Terjual,Kuantitas Retur,Satuan,Total Nilai terjual,Total Nilai Retur,Harga Penjualan Rata-rata,date
FGB80001	,ZIZI Aromatherapy Citrus 8 ml,74.17,-0.0,Box,10680000.0,0.0,143993.52838074692,2019-07-31
FGB80003	,ZIZI Aromatherapy Hot 8 ml,73.59,-0.0,Box,10596000.0,0.0,143986.95474928658,2019-07-31
FGB80004	,ZIZI Aromatherapy Kids 8 ml,74.67,-0.0,Box,10752000.0,0.0,143993.5717155484,2019-07-31
FGB70006	,ZIZI Body Wash Mild 100 ml,130.08,-0.0,Box,60468500.0,0.0,464856.2423124231,2019-07-31
FGB70007	,ZIZI Body Wash Mild 250 ml,144.605,-0.0,Box,86760000.0,0.0,599979.2538293973,2019-07-31
FGB70008	,ZIZI Body Wash Mild Refill 450 ml,3.0,-0.0,Box,1260000.0,0.0,420000.0,2019-07-31
FGB80001	,ZIZI Aromatherapy Citrus 8 ml,180.33,-0.0,Box,26135864.0,0.0,144933.53296733764,2019-08-31
FGB80003	,ZIZI Aromatherapy Hot 8 ml,149.17,-0.0,Box,21595773.0,0.0,144772.89669504593,2019-08-31
FGB80004	,ZIZI Aromatherapy Kids 8 ml,128.42,-0.0,Box,18655364.0,0.0,145268.36941286403,2019-08-31
FGB70006	,ZIZI Body Wash Mild 100 ml,260.2237,-0.0,Box,120149608.0,0.0,461716.62304394256,2019-08-31
FGB70007	,ZIZI Body Wash Mild 250 ml,327.1,-0.0,Box,196427891.0,0.0,600513.2711708958,2019-08-31
FGB70008	,ZIZI Body Wash Mild Refill 450 ml,329.25,-0.0,Box,138367000.0,0.0,420249.0508731968,2019-08-31
FGB80001	,ZIZI Aromatherapy Citrus 8 ml,140.5,-0.0,Box,19918080.0,0.0,141765.69395017793,2019-09-30
FGB80002	,ZIZI Aromatherapy Coffee 8 ml,122.0,-0.0,Box,17176320.0,0.0,140789.50819672132,2019-09-30
FGB80003	,ZIZI Aromatherapy Hot 8 ml,168.17,-0.0,Box,23671200.0,0.0,140757.56674793363,2019-09-30
FGB80004	,ZIZI Aromatherapy Kids 8 ml,182.0,-0.0,Box,25763040.0,0.0,141555.16483516485,2019-09-30
FGB80005	,ZIZI Aromatherapy Lemongrass 8 ml,91.33,-0.0,Box,12832320.0,0.0,140504.9819336472,2019-09-30
FGB70006	,ZIZI Body Wash Mild 100 ml,213.247,-0.0,Box,96072284.0,0.0,450521.1515285091,2019-09-30
FGB70007	,ZIZI Body Wash Mild 250 ml,268.18,-0.0,Box,156446499.99999997,0.0,583363.7855171899,2019-09-30
FGB70008	,ZIZI Body Wash Mild Refill 450 ml,546.38,-0.0,Box,223709598.85999897,0.0,409439.5820857261,2019-09-30
FGB80001	,ZIZI Aromatherapy Citrus 8 ml,158.0,-0.0,Box,22107047.5,0.0,139918.0221518987,2019-10-31
FGB80002	,ZIZI Aromatherapy Coffee 8 ml,99.0,-0.0,Box,13727655.0,0.0,138663.1818181818,2019-10-31
FGB80003	,ZIZI Aromatherapy Hot 8 ml,163.17,-0.0,Box,22831575.0,0.0,139925.07813936385,2019-10-31
FGB80004	,ZIZI Aromatherapy Kids 8 ml,138.0,-0.0,Box,19364567.5,0.0,140322.95289855072,2019-10-31
FGB80005	,ZIZI Aromatherapy Lemongrass 8 ml,118.17,-0.0,Box,16407735.0,0.0,138848.56562579333,2019-10-31
FGB70006	,ZIZI Body Wash Mild 100 ml,250.0,-0.0,Box,111984510.0,0.0,447938.04,2019-10-31
FGP70009	,ZIZI Body Wash Mild 25 ml (pcs),1000.0,-0.0,pcs,1900000.0,0.0,1900.0,2019-10-31
FGB70007	,ZIZI Body Wash Mild 250 ml,359.03,-0.0,Box,207834510.0,0.0,578877.8375066151,2019-10-31
FGB70008	,ZIZI Body Wash Mild Refill 450 ml,542.33,-0.0,Box,219264500.0,0.0,404300.8869138716,2019-10-31
FGM80006	,ZIZI Parfum Kasturi 30 ml (pcs),34.0,-0.0,pcs,2569200.0,0.0,75564.70588235294,2019-10-31
FGB80001	,ZIZI Aromatherapy Citrus 8 ml,160.083333,-0.0,Box,22214618.645088445,0.0,138769.09125254437,2019-11-30
FGB80002	,ZIZI Aromatherapy Coffee 8 ml,68.083333,-0.0,Box,9495819.18705307,0.0,139473.4771144807,2019-11-30
FGB80003	,ZIZI Aromatherapy Hot 8 ml,122.083333,-0.0,Box,16872922.645088445,0.0,138208.240473648,2019-11-30
FGB80004	,ZIZI Aromatherapy Kids 8 ml,119.083333,-0.0,Box,16422938.645088444,0.0,137911.3116114112,2019-11-30
FGB80005	,ZIZI Aromatherapy Lemongrass 8 ml,80.083333,-0.0,Box,11055338.645088444,0.0,138047.9337078596,2019-11-30
FGB70006	,ZIZI Body Wash Mild 100 ml,193.0,-0.0,Box,84772372.17538577,0.0,439235.08899163606,2019-11-30
FGB70007	,ZIZI Body Wash Mild 250 ml,216.0,-0.0,Box,123834935.32179148,0.0,573309.8857490346,2019-11-30
FGB70008	,ZIZI Body Wash Mild Refill 450 ml,547.0,-0.0,Box,217761580.2408732,0.0,398101.6092154902,2019-11-30
FGM80006	,ZIZI Parfum Kasturi 30 ml (pcs),608.0,-0.0,pcs,45895998.49454272,0.0,75486.8396291821,2019-11-30
FGB80001	,ZIZI Aromatherapy Citrus 8 ml,161.0,-0.0,Box,22408980.0,0.0,139186.21118012423,2019-12-31
FGB80002	,ZIZI Aromatherapy Coffee 8 ml,93.0,-0.0,Box,12974100.0,0.0,139506.4516129032,2019-12-31
FGB80003	,ZIZI Aromatherapy Hot 8 ml,119.0,-0.0,Box,16542420.0,0.0,139011.93277310923,2019-12-31
FGB80004	,ZIZI Aromatherapy Kids 8 ml,145.0,-0.0,Box,20174400.0,0.0,139133.7931034483,2019-12-31
FGB80005	,ZIZI Aromatherapy Lemongrass 8 ml,93.0,-0.0,Box,13006500.0,0.0,139854.8387096774,2019-12-31
FGB70006	,ZIZI Body Wash Mild 100 ml,178.1,-0.0,Box,79015465.0,0.0,443657.86075238633,2019-12-31
FGB70007	,ZIZI Body Wash Mild 250 ml,244.0,-0.0,Box,139920000.0,0.0,573442.6229508197,2019-12-31
FGB70008	,ZIZI Body Wash Mild Refill 450 ml,536.0,-0.0,Box,214101300.0,0.0,399442.723880597,2019-12-31
FGM80006	,ZIZI Parfum Kasturi 30 ml (pcs),342.0,-0.0,pcs,26592000.0,0.0,77754.38596491229,2019-12-31
FGB80007	,ZIZI Parfum Kasturi 8 ml,7.167,-0.0,Box,1263000.0,0.0,176224.36165759733,2019-12-31
FGB80008	,ZIZI Toothpaste 120 gr,146.0,-0.0,Box,121416840.0,0.0,831622.1917808219,2019-12-31
MKG90005	,Display ZIZI (pcs),130.0,-0.0,pcs,1827000.0,0.0,14053.846153846152,2020-01-31
FGB80001	,ZIZI Aromatherapy Citrus 8 ml,132.0,-0.0,Box,17848080.0,0.0,135212.7272727273,2020-01-31
FGB80002	,ZIZI Aromatherapy Coffee 8 ml,83.0,-0.0,Box,11242800.0,0.0,135455.421686747,2020-01-31
FGB80003	,ZIZI Aromatherapy Hot 8 ml,125.0,-0.0,Box,16917120.0,0.0,135336.96,2020-01-31
FGB80004	,ZIZI Aromatherapy Kids 8 ml,124.0,-0.0,Box,16805520.0,0.0,135528.3870967742,2020-01-31
FGB80005	,ZIZI Aromatherapy Lemongrass 8 ml,103.0,-0.0,Box,13899600.0,0.0,134947.572815534,2020-01-31
FGB70006	,ZIZI Body Wash Mild 100 ml,91.0,-0.0,Box,38588550.0,0.0,424050.0,2020-01-31
FGP70009	,ZIZI Body Wash Mild 25 ml (pcs),200.0,-0.0,pcs,380000.0,0.0,1900.0,2020-01-31
FGB70007	,ZIZI Body Wash Mild 250 ml,143.0,-0.0,Box,79875000.0,0.0,558566.4335664336,2020-01-31
FGB70008	,ZIZI Body Wash Mild Refill 450 ml,286.0,-0.0,Box,112329000.0,0.0,392758.7412587413,2020-01-31
FGM80006	,ZIZI Parfum Kasturi 30 ml (pcs),136.0,-0.0,pcs,10303200.0,0.0,75758.82352941176,2020-01-31
FGB80007	,ZIZI Parfum Kasturi 8 ml,71.667,-0.0,Box,11929500.000000976,0.0,166457.36531459354,2020-01-31
FGB80008	,ZIZI Toothpaste 120 gr,99.458,-0.0,Box,82858008.0,0.0,833095.4573789941,2020-01-31
MKG90005	,Display ZIZI (pcs),57.0,-0.0,pcs,836250.0,0.0,14671.052631578948,2020-02-29
MKG90008	,Spanduk ZIZI 2X1 m,1.0,-0.0,pcs,45000.0,0.0,45000.0,2020-02-29
FGB80001	,ZIZI Aromatherapy Citrus 8 ml,99.0,-0.0,Box,13494239.990598517,0.0,136305.45445049007,2020-02-29
FGB80002	,ZIZI Aromatherapy Coffee 8 ml,52.0,-0.0,Box,7159679.996866173,0.0,137686.15378588793,2020-02-29
FGB80003	,ZIZI Aromatherapy Hot 8 ml,101.0,-0.0,Box,13773439.996866172,0.0,136370.69303827893,2020-02-29
FGB80004	,ZIZI Aromatherapy Kids 8 ml,86.0,-0.0,Box,11738159.993732344,0.0,136490.23248525982,2020-02-29
FGB80005	,ZIZI Aromatherapy Lemongrass 8 ml,65.0,-0.0,Box,8884079.993732346,0.0,136678.15374972837,2020-02-29
FGB70006	,ZIZI Body Wash Mild 100 ml,108.0,-0.0,Box,47047769.96983691,0.0,435627.4997207121,2020-02-29
FGB70007	,ZIZI Body Wash Mild 250 ml,144.0,-0.0,Box,81572999.94776954,0.0,566479.1663039553,2020-02-29
FGB70008	,ZIZI Body Wash Mild Refill 450 ml,639.0,-0.0,Box,251485499.95429835,0.0,393561.0327923292,2020-02-29
FGM80006	,ZIZI Parfum Kasturi 30 ml (pcs),79.0,-0.0,pcs,6017999.991294924,0.0,76177.21507968257,2020-02-29
FGB80007	,ZIZI Parfum Kasturi 8 ml,141.167,-0.0,Box,23834099.96082816,0.0,168836.20081767096,2020-02-29
FGB80008	,ZIZI Toothpaste 120 gr,45.0,-0.0,Box,37648223.96176729,0.0,836627.1991503845,2020-02-29
MKG90005	,Display ZIZI (pcs),86.0,-0.0,pcs,1263750.0,0.0,14694.767441860464,2020-03-31
MKG90010	,Polo ZIZI,4.0,-0.0,pcs,323000.0,0.0,80750.0,2020-03-31
FGB80001	,ZIZI Aromatherapy Citrus 8 ml,76.0,-0.0,Box,10306655.98618082,0.0,135613.8945550108,2020-03-31
FGB80002	,ZIZI Aromatherapy Coffee 8 ml,40.416667,-0.0,Box,5488799.98618082,0.0,135805.3593627802,2020-03-31
FGB80003	,ZIZI Aromatherapy Hot 8 ml,86.0,-0.0,Box,11851055.98618082,0.0,137802.9765834979,2020-03-31
FGB80004	,ZIZI Aromatherapy Kids 8 ml,68.083333,-0.0,Box,9364655.98618082,0.0,137546.96742271443,2020-03-31
FGB80005	,ZIZI Aromatherapy Lemongrass 8 ml,52.0,-0.0,Box,7022015.98618082,0.0,135038.76896501577,2020-03-31
FGB70006	,ZIZI Body Wash Mild 100 ml,62.57,-0.0,Box,27771589.955663465,0.0,443848.32916195405,2020-03-31
FGB70007	,ZIZI Body Wash Mild 250 ml,79.0,-0.0,Box,45237599.91363013,0.0,572627.8470079763,2020-03-31
FGB70008	,ZIZI Body Wash Mild Refill 450 ml,296.458333,-0.0,Box,118361599.79847027,0.0,399252.0587993399,2020-03-31
FGB70028	,ZIZI Hand Sanitizer Liquid Food Grade 1000 ml,826.997,-0.0,Box,853810056.0000001,0.0,1032422.1925835282,2020-03-31
FGB70031	,ZIZI Hand Sanitizer Liquid Food Grade 5000 ml,494.992333,-0.0,Box,584475000.00006,0.0,1180775.8646638673,2020-03-31
FGB70033	,ZIZI Hand Sanitizer Liquid Technical Grade 1000 ml,5.0,-0.0,Box,4800000.0,0.0,960000.0,2020-03-31
FGB70034	,ZIZI Hand Sanitizer Liquid Technical Grade 5000 ml,3.0,-0.0,Box,3600000.0,0.0,1200000.0,2020-03-31
FGM80006	,ZIZI Parfum Kasturi 30 ml (pcs),30.0,-0.0,pcs,2375999.9923226777,0.0,79199.99974408926,2020-03-31
FGB80007	,ZIZI Parfum Kasturi 8 ml,96.166,-0.0,Box,16494000.0,0.0,171515.920387663,2020-03-31
FGB80008	,ZIZI Toothpaste 120 gr,54.0,-0.0,Box,44854617.515703,0.0,830641.065105611,2020-03-31
FGB70037	,ZIZI Antiseptik Alkohol 70% Food Grade 1000 ml,61.5,-0.0,Box,70083300.0,0.0,1139565.8536585364,2020-04-30
FGB70038	,ZIZI Antiseptik Alkohol 70% Food Grade 5000 ml,3.0,-0.0,Box,4095000.0,0.0,1365000.0,2020-04-30
FGB70039	,ZIZI Antiseptik Alkohol 96% Food Grade 1000 ml,20.0,-0.0,Box,22800000.0,0.0,1140000.0,2020-04-30
FGB80001	,ZIZI Aromatherapy Citrus 8 ml,19.0,-0.0,Box,2605680.0,0.0,137141.05263157893,2020-04-30
FGB80002	,ZIZI Aromatherapy Coffee 8 ml,13.0,-0.0,Box,1803600.0,0.0,138738.46153846153,2020-04-30
FGB80003	,ZIZI Aromatherapy Hot 8 ml,24.0,-0.0,Box,3210480.0,0.0,133770.0,2020-04-30
FGB80004	,ZIZI Aromatherapy Kids 8 ml,24.0,-0.0,Box,3200400.0,0.0,133350.0,2020-04-30
FGB80005	,ZIZI Aromatherapy Lemongrass 8 ml,19.0,-0.0,Box,2545200.0,0.0,133957.8947368421,2020-04-30
FGB70006	,ZIZI Body Wash Mild 100 ml,13.0,-0.0,Box,5497800.0,0.0,422907.6923076923,2020-04-30
FGB70007	,ZIZI Body Wash Mild 250 ml,26.0,-0.0,Box,14430000.0,0.0,555000.0,2020-04-30
FGB70008	,ZIZI Body Wash Mild Refill 450 ml,135.83,-0.0,Box,54477500.0,0.0,401071.1919310903,2020-04-30
FGB70043	,ZIZI Desinfektan BKC 1.25% 5000 ml,4.0,-0.0,Box,1824000.0,0.0,456000.0,2020-04-30
FGB70020	,ZIZI Hand Sanitizer Gel Food Grade 100 ml,9.0,-0.0,Box,11880000.0,0.0,1320000.0,2020-04-30
FGB70022	,ZIZI Hand Sanitizer Gel Food Grade 250 ml,1.0,-0.0,Box,1600000.0,0.0,1600000.0,2020-04-30
FGB70023	,ZIZI Hand Sanitizer Gel Food Grade Pump 500 ml,5.0,-0.0,Box,6940000.0,0.0,1388000.0,2020-04-30
FGB70028	,ZIZI Hand Sanitizer Liquid Food Grade 1000 ml,220.583,-0.0,Box,290127300.0,0.0,1315274.975859427,2020-04-30
FGB70031	,ZIZI Hand Sanitizer Liquid Food Grade 5000 ml,110.996667,-0.0,Box,152850000.0,0.0,1377068.37629638,2020-04-30
FGB70033	,ZIZI Hand Sanitizer Liquid Technical Grade 1000 ml,31.0,-0.0,Box,29760000.0,0.0,960000.0,2020-04-30
FGB70034	,ZIZI Hand Sanitizer Liquid Technical Grade 5000 ml,47.0,-0.0,Box,56400000.0,0.0,1200000.0,2020-04-30
FGB80007	,ZIZI Parfum Kasturi 8 ml,9.0,-0.0,Box,1476000.0,0.0,164000.0,2020-04-30
FGB80008	,ZIZI Toothpaste 120 gr,7.0,-0.0,Box,5968728.0,0.0,852675.4285714285,2020-04-30
FGB70037	,ZIZI Antiseptik Alkohol 70% Food Grade 1000 ml,1.0,-0.0,Box,982800.0,0.0,982800.0,2020-05-31
FGB70038	,ZIZI Antiseptik Alkohol 70% Food Grade 5000 ml,1.0,-0.0,Box,1161000.0,0.0,1161000.0,2020-05-31
FGB70039	,ZIZI Antiseptik Alkohol 96% Food Grade 1000 ml,1.0,-0.0,Box,1401179.9999999888,0.0,1401179.9999999888,2020-05-31
FGB80001	,ZIZI Aromatherapy Citrus 8 ml,11.0,-0.0,Box,1529279.9999999967,0.0,139025.45454545424,2020-05-31
FGB80002	,ZIZI Aromatherapy Coffee 8 ml,14.0,-0.0,Box,1936799.9999999888,0.0,138342.85714285637,2020-05-31
FGB80003	,ZIZI Aromatherapy Hot 8 ml,16.0,-0.0,Box,2221199.9999999944,0.0,138824.99999999965,2020-05-31
FGB80004	,ZIZI Aromatherapy Kids 8 ml,14.0,-0.0,Box,1936799.9999999944,0.0,138342.85714285675,2020-05-31
FGB80005	,ZIZI Aromatherapy Lemongrass 8 ml,7.0,-0.0,Box,973439.9999999956,0.0,139062.85714285652,2020-05-31
FGB70006	,ZIZI Body Wash Mild 100 ml,5.0,-0.0,Box,2208359.999999993,0.0,441671.99999999854,2020-05-31
FGB70007	,ZIZI Body Wash Mild 250 ml,10.0,-0.0,Box,5807999.999999992,0.0,580799.9999999991,2020-05-31
FGB70008	,ZIZI Body Wash Mild Refill 450 ml,104.0,-0.0,Box,42317099.99999999,0.0,406895.19230769214,2020-05-31
FGB70045	,ZIZI Desinfektan BKC 0.025% 1000 ml,1.666667,-0.0,Box,280000.0,0.0,167999.96640000673,2020-05-31
FGP70047	,ZIZI Desinfektan BKC 1.25% / Fg 10% 1000 ml (pcs),1.0,-0.0,pcs,87000.0,0.0,87000.0,2020-05-31
FGP70048	,ZIZI Desinfektan BKC 1.25% / Fg 15% 1000 ml (pcs),1.0,-0.0,pcs,115000.0,0.0,115000.0,2020-05-31
FGB70046	,ZIZI Desinfektan BKC 1.25% / Fg 5% 1000 ml,4.0,-0.0,Box,2736000.0,0.0,684000.0,2020-05-31
FGB70043	,ZIZI Desinfektan BKC 1.25% 5000 ml,2.666667,-0.0,Box,977900.0,0.0,366712.4541609432,2020-05-31
FGB70044	,ZIZI Desinfektan Multi Purpose BKC 1.25% 1000 ml,1.666667,-0.0,Box,600000.0,0.0,359999.9280000144,2020-05-31
FGB70020	,ZIZI Hand Sanitizer Gel Food Grade 100 ml,3.083333,-0.0,Box,2461300.0,0.0,798259.5457577886,2020-05-31
FGB70024	,ZIZI Hand Sanitizer Gel Food Grade 5000 ml,2.0,-0.0,Box,2467800.0,0.0,1233900.0,2020-05-31
FGB70028	,ZIZI Hand Sanitizer Liquid Food Grade 1000 ml,167.666667,-0.0,Box,161080000.0,0.0,960715.703855436,2020-05-31
FGB70031	,ZIZI Hand Sanitizer Liquid Food Grade 5000 ml,0.666667,-0.0,Box,659999.9999999997,0.0,989999.505000247,2020-05-31
FGB80007	,ZIZI Parfum Kasturi 8 ml,13.25,-0.0,Box,2300024.999998064,0.0,173586.792452684,2020-05-31
FGB80008	,ZIZI Toothpaste 120 gr,2.444445,-0.0,Box,2103280.0,0.0,860432.531719879,2020-05-31
FGB70037	,ZIZI Antiseptik Alkohol 70% Food Grade 1000 ml,1.0,-0.0,Box,476280.0,0.0,476280.0,2020-06-30
FGB80001	,ZIZI Aromatherapy Citrus 8 ml,49.25,-0.0,Box,6717600.0,0.0,136397.9695431472,2020-06-30
FGB80002	,ZIZI Aromatherapy Coffee 8 ml,23.333333,-0.0,Box,3154800.0,0.0,135205.71621722452,2020-06-30
FGB80003	,ZIZI Aromatherapy Hot 8 ml,52.333333,-0.0,Box,7140000.0,0.0,136433.12188810905,2020-06-30
FGB80004	,ZIZI Aromatherapy Kids 8 ml,22.25,-0.0,Box,3031200.0,0.0,136233.70786516852,2020-06-30
FGB80005	,ZIZI Aromatherapy Lemongrass 8 ml,21.25,-0.0,Box,2905200.0,0.0,136715.29411764705,2020-06-30
FGB70006	,ZIZI Body Wash Mild 100 ml,30.066667,-0.0,Box,13158530.0,0.0,437645.1170992781,2020-06-30
FGB70007	,ZIZI Body Wash Mild 250 ml,49.625,-0.0,Box,27766500.0,0.0,559526.4483627204,2020-06-30
FGB70008	,ZIZI Body Wash Mild Refill 450 ml,466.708335,-0.0,Box,184100000.14,0.0,394464.7788216596,2020-06-30
FGP70010	,ZIZI Body Wash Mild Sachet 8 ml,2.0,-0.0,set,1140000.0,0.0,570000.0,2020-06-30
FGB70043	,ZIZI Desinfektan BKC 1.25% 5000 ml,13.0,-0.0,Box,4120750.0,0.0,316980.76923076925,2020-06-30
FGB70020	,ZIZI Hand Sanitizer Gel Food Grade 100 ml,5.0,-0.0,Box,3008400.0,0.0,601680.0,2020-06-30
FGB70021	,ZIZI Hand Sanitizer Gel Food Grade 1000 ml,3.083333,-0.0,Box,1847020.0,0.0,599033.5782739004,2020-06-30
FGB70022	,ZIZI Hand Sanitizer Gel Food Grade 250 ml,1.15,-0.0,Box,798000.0,0.0,693913.0434782609,2020-06-30
FGB70024	,ZIZI Hand Sanitizer Gel Food Grade 5000 ml,3.333333,-0.0,Box,2222220.0,0.0,666666.0666666067,2020-06-30
FGB70025	,ZIZI Hand Sanitizer Gel Food Grade 60 ml,1.14,-0.0,Box,468000.0,0.0,410526.3157894737,2020-06-30
FGB70023	,ZIZI Hand Sanitizer Gel Food Grade Pump 500 ml,4.25,-0.0,Box,3126200.0,0.0,735576.4705882354,2020-06-30
FGB70027	,ZIZI Hand Sanitizer Liquid Food Grade 100 ml,15.583333,-0.0,Box,8083200.0,0.0,518708.0324857333,2020-06-30
FGB70028	,ZIZI Hand Sanitizer Liquid Food Grade 1000 ml,4.083333,-0.0,Box,1948320.0,0.0,477139.6307869086,2020-06-30
FGB70029	,ZIZI Hand Sanitizer Liquid Food Grade 250 ml,1.2,-0.0,Box,696420.0,0.0,580350.0,2020-06-30
FGB70031	,ZIZI Hand Sanitizer Liquid Food Grade 5000 ml,10.333333,-0.0,Box,5218802.5,0.0,505045.41951759416,2020-06-30
FGB70065	,ZIZI Hand Sanitizer Liquid Food Grade 60 ml,4.14,-0.0,Box,1583225.0,0.0,382421.497584541,2020-06-30
FGB70030	,ZIZI Hand Sanitizer Liquid Food Grade Pump 500 ml,4.25,-0.0,Box,2648800.0,0.0,623247.0588235294,2020-06-30
FGB70052	,ZIZI Hand Soap Strawberry 100 ml,2.1,-0.0,Box,664200.0,0.0,316285.71428571426,2020-06-30
FGB70053	,ZIZI Hand Soap Strawberry 250 ml,1.125,-0.0,Box,340300.0,0.0,302488.8888888889,2020-06-30
FGB70056	,ZIZI Hand Soap Strawberry 5000 ml,12.0,-0.0,Box,911400.0,0.0,75950.0,2020-06-30
FGB70054	,ZIZI Hand Soap Strawberry Pump 500 ml,11.55,-0.0,Box,4579500.0,0.0,396493.5064935065,2020-06-30
FGB80007	,ZIZI Parfum Kasturi 8 ml,23.0,-0.0,Box,4009500.0,0.0,174326.08695652173,2020-06-30
FGB80008	,ZIZI Toothpaste 120 gr,23.694445,-0.0,Box,19755460.0,0.0,833759.1363714153,2020-06-30
FGB70037	,ZIZI Antiseptik Alkohol 70% Food Grade 1000 ml,4.0,-0.0,Box,1905120.0,0.0,476280.0,2020-07-31
FGB80001	,ZIZI Aromatherapy Citrus 8 ml,33.0,-0.0,Box,4559760.0,0.0,138174.54545454544,2020-07-31
FGB80002	,ZIZI Aromatherapy Coffee 8 ml,17.0,-0.0,Box,2302560.0,0.0,135444.70588235295,2020-07-31
FGB80003	,ZIZI Aromatherapy Hot 8 ml,37.0,-0.0,Box,5038560.0,0.0,136177.29729729728,2020-07-31
FGB80004	,ZIZI Aromatherapy Kids 8 ml,21.0,-0.0,Box,2846160.0,0.0,135531.42857142855,2020-07-31
FGB80005	,ZIZI Aromatherapy Lemongrass 8 ml,22.0,-0.0,Box,3022560.0,0.0,137389.0909090909,2020-07-31
FGB70006	,ZIZI Body Wash Mild 100 ml,29.0,-0.0,Box,12693450.0,0.0,437705.1724137931,2020-07-31
FGB70007	,ZIZI Body Wash Mild 250 ml,23.0,-0.0,Box,13410000.0,0.0,583043.4782608696,2020-07-31
FGB70036	,ZIZI Body Wash Mild Pump 1000 ml,13.0,-0.0,Box,6679200.0,0.0,513784.6153846154,2020-07-31
FGB70035	,ZIZI Body Wash Mild Pump 500 ml,13.0,-0.0,Box,6588000.0,0.0,506769.2307692308,2020-07-31
FGB70008	,ZIZI Body Wash Mild Refill 450 ml,259.083333,-0.0,Box,102058000.0,0.0,393919.5887988673,2020-07-31
FGB70050	,"ZIZI Desinfektan BKC 0,025% Spray 100 ml",441.52,-0.0,Box,137758399.999964,0.0,312009.421996657,2020-07-31
FGB70051	,"ZIZI Desinfektan BKC 0,025% Spray 250 ml",2.0,-0.0,Box,800000.0,0.0,400000.0,2020-07-31
FGB70046	,ZIZI Desinfektan BKC 1.25% / Fg 5% 1000 ml,17.5,-0.0,Box,11880000.000001,0.0,678857.1428572,2020-07-31
FGB70049	,ZIZI Desinfektan BKC 1.25% / Fg 5% 5000 ml,16.67,-0.0,Box,9750000.000001002,0.0,584883.0233953809,2020-07-31
FGB70043	,ZIZI Desinfektan BKC 1.25% 5000 ml,1.33,-0.0,Box,437710.0,0.0,329105.2631578948,2020-07-31
FGB70044	,ZIZI Desinfektan Multi Purpose BKC 1.25% 1000 ml,2.0,-0.0,Box,658800.0,0.0,329400.0,2020-07-31
FGB70020	,ZIZI Hand Sanitizer Gel Food Grade 100 ml,2.0,-0.0,Box,1242600.0,0.0,621300.0,2020-07-31
FGB70024	,ZIZI Hand Sanitizer Gel Food Grade 5000 ml,1.0,-0.0,Box,732600.0,0.0,732600.0,2020-07-31
FGB70025	,ZIZI Hand Sanitizer Gel Food Grade 60 ml,3.0,-0.0,Box,1350000.0,0.0,450000.0,2020-07-31
FGB70023	,ZIZI Hand Sanitizer Gel Food Grade Pump 500 ml,3.0,-0.0,Box,2192400.0,0.0,730800.0,2020-07-31
FGB70027	,ZIZI Hand Sanitizer Liquid Food Grade 100 ml,0.65,-0.0,Box,417300.0,0.0,642000.0,2020-07-31
FGB70028	,ZIZI Hand Sanitizer Liquid Food Grade 1000 ml,3.0,-0.0,Box,1399680.0,0.0,466560.0,2020-07-31
FGB70029	,ZIZI Hand Sanitizer Liquid Food Grade 250 ml,2.0,-0.0,Box,1208400.0,0.0,604200.0,2020-07-31
FGB70031	,ZIZI Hand Sanitizer Liquid Food Grade 5000 ml,5.666667,-0.0,Box,3245800.0,0.0,572788.201600694,2020-07-31
FGB70041	,ZIZI Hand Sanitizer Liquid Food Grade Spray 100 ml,6.0,-0.0,Box,4026000.0,0.0,671000.0,2020-07-31
FGB70032	,ZIZI Hand Sanitizer Liquid Food Grade Spray 60 ml,85.0,-0.0,Box,3255000.0,0.0,38294.11764705882,2020-07-31
FGB70052	,ZIZI Hand Soap Strawberry 100 ml,2.0,-0.0,Box,615600.0,0.0,307800.0,2020-07-31
FGB70053	,ZIZI Hand Soap Strawberry 250 ml,2.0,-0.0,Box,664000.0,0.0,332000.0,2020-07-31
FGB70056	,ZIZI Hand Soap Strawberry 5000 ml,5.0,-0.0,Box,1229820.0,0.0,245964.0,2020-07-31
FGB70054	,ZIZI Hand Soap Strawberry Pump 500 ml,14.0,-0.0,Box,5804250.0,0.0,414589.2857142857,2020-07-31
FGB80007	,ZIZI Parfum Kasturi 8 ml,26.0,-0.0,Box,4455000.0,0.0,171346.15384615384,2020-07-31
FGB80008	,ZIZI Toothpaste 120 gr,33.07,-0.0,Box,27629800.0,0.0,835494.4058058662,2020-07-31
FGB70037	,ZIZI Antiseptik Alkohol 70% Food Grade 1000 ml,1.0,-0.0,Box,497250.0,0.0,497250.0,2020-08-31
FGB80001	,ZIZI Aromatherapy Citrus 8 ml,15.0,-0.0,Box,2082960.0,0.0,138864.0,2020-08-31
FGB80002	,ZIZI Aromatherapy Coffee 8 ml,12.0,-0.0,Box,1668960.0,0.0,139080.0,2020-08-31
FGB80003	,ZIZI Aromatherapy Hot 8 ml,23.0,-0.0,Box,3148560.0,0.0,136893.91304347827,2020-08-31
FGB80004	,ZIZI Aromatherapy Kids 8 ml,13.0,-0.0,Box,1820160.0,0.0,140012.3076923077,2020-08-31
FGB80005	,ZIZI Aromatherapy Lemongrass 8 ml,17.0,-0.0,Box,2367360.0,0.0,139256.47058823527,2020-08-31
FGB70006	,ZIZI Body Wash Mild 100 ml,10.0,-0.0,Box,4458300.0,0.0,445830.0,2020-08-31
FGB70007	,ZIZI Body Wash Mild 250 ml,20.0,-0.0,Box,11505000.046307016,0.0,575250.0023153508,2020-08-31
FGB70036	,ZIZI Body Wash Mild Pump 1000 ml,26.0,-0.0,Box,13609560.127807362,0.0,523444.6203002832,2020-08-31
FGB70035	,ZIZI Body Wash Mild Pump 500 ml,15.0,-0.0,Box,7522200.0,0.0,501480.0,2020-08-31
FGB70008	,ZIZI Body Wash Mild Refill 450 ml,388.0,-0.0,Box,152638500.61512643,0.0,393398.1974616661,2020-08-31
FGB70046	,ZIZI Desinfektan BKC 1.25% / Fg 5% 1000 ml,6.25,-0.0,Box,6000000.0,0.0,960000.0,2020-08-31
FGB70043	,ZIZI Desinfektan BKC 1.25% 5000 ml,15.67,-0.0,Box,5444412.5,0.0,347441.76770899806,2020-08-31
FGB70044	,ZIZI Desinfektan Multi Purpose BKC 1.25% 1000 ml,1.0,-0.0,Box,329400.0,0.0,329400.0,2020-08-31
FGB70020	,ZIZI Hand Sanitizer Gel Food Grade 100 ml,1.0,-0.0,Box,621300.0,0.0,621300.0,2020-08-31
FGB70025	,ZIZI Hand Sanitizer Gel Food Grade 60 ml,2.0,-0.0,Box,866250.0347302617,0.0,433125.0173651308,2020-08-31
FGB70023	,ZIZI Hand Sanitizer Gel Food Grade Pump 500 ml,1.0,-0.0,Box,771400.0,0.0,771400.0,2020-08-31
FGB70028	,ZIZI Hand Sanitizer Liquid Food Grade 1000 ml,2.0,-0.0,Box,966816.0,0.0,483408.0,2020-08-31
FGB70031	,ZIZI Hand Sanitizer Liquid Food Grade 5000 ml,35.96,-0.0,Box,19211110.079369035,0.0,534235.5416954681,2020-08-31
FGB70030	,ZIZI Hand Sanitizer Liquid Food Grade Pump 500 ml,5.0,-0.0,Box,3336800.0,0.0,667360.0,2020-08-31
FGB70041	,ZIZI Hand Sanitizer Liquid Food Grade Spray 100 ml,3.0,-0.0,Box,2106300.0,0.0,702100.0,2020-08-31
FGB70032	,ZIZI Hand Sanitizer Liquid Food Grade Spray 60 ml,2.0,-0.0,Box,989400.0393609632,0.0,494700.0196804816,2020-08-31
FGB70052	,ZIZI Hand Soap Strawberry 100 ml,2.0,-0.0,Box,623700.0250057884,0.0,311850.0125028941,2020-08-31
FGB70053	,ZIZI Hand Soap Strawberry 250 ml,3.0,-0.0,Box,962800.0,0.0,320933.3333333333,2020-08-31
FGB70056	,ZIZI Hand Soap Strawberry 5000 ml,10.0,-0.0,Box,2434920.0,0.0,243492.0,2020-08-31
FGB70054	,ZIZI Hand Soap Strawberry Pump 500 ml,3.0,-0.0,Box,1246050.0,0.0,415350.0,2020-08-31
FGB80007	,ZIZI Parfum Kasturi 8 ml,7.0,-0.0,Box,1224000.0,0.0,174857.14285714284,2020-08-31
FGB80008	,ZIZI Toothpaste 120 gr,15.0,-0.0,Box,12451320.0,0.0,830088.0,2020-08-31
FGB80001	,ZIZI Aromatherapy Citrus 8 ml,17.25,-0.0,Box,2351700.0,0.0,136330.43478260867,2020-09-30
FGB80002	,ZIZI Aromatherapy Coffee 8 ml,2.25,-0.0,Box,306900.0,0.0,136400.0,2020-09-30
FGB80003	,ZIZI Aromatherapy Hot 8 ml,8.25,-0.0,Box,1142100.0,0.0,138436.36363636365,2020-09-30
FGB80004	,ZIZI Aromatherapy Kids 8 ml,1.25,-0.0,Box,170100.0,0.0,136080.0,2020-09-30
FGB80005	,ZIZI Aromatherapy Lemongrass 8 ml,6.25,-0.0,Box,861300.0,0.0,137808.0,2020-09-30
FGB70006	,ZIZI Body Wash Mild 100 ml,4.05,-0.0,Box,1828500.0,0.0,451481.4814814815,2020-09-30
FGB70007	,ZIZI Body Wash Mild 250 ml,10.07,-1.0,Box,5646600.0,-600000.0,560734.8560079444,2020-09-30
FGB70036	,ZIZI Body Wash Mild Pump 1000 ml,2.08,-0.0,Box,1092960.0,0.0,525461.5384615385,2020-09-30
FGB70035	,ZIZI Body Wash Mild Pump 500 ml,22.2,-0.0,Box,11126500.0,0.0,501193.69369369367,2020-09-30
FGB70008	,ZIZI Body Wash Mild Refill 450 ml,85.24,-22.0,Box,33790500.0,-9240000.0,396416.00187705294,2020-09-30
FGB70043	,ZIZI Desinfektan BKC 1.25% 5000 ml,2.0,-0.0,Box,638820.0,0.0,319410.0,2020-09-30
FGB70020	,ZIZI Hand Sanitizer Gel Food Grade 100 ml,2.09,-0.0,Box,1282750.0,0.0,613755.980861244,2020-09-30
FGB70021	,ZIZI Hand Sanitizer Gel Food Grade 1000 ml,0.16,-0.0,Box,123300.0,0.0,770625.0,2020-09-30
FGB70022	,ZIZI Hand Sanitizer Gel Food Grade 250 ml,0.07,-0.0,Box,63449.99999999997,0.0,906428.571428571,2020-09-30
FGB70024	,ZIZI Hand Sanitizer Gel Food Grade 5000 ml,0.33,-0.0,Box,271800.00000000006,0.0,823636.363636364,2020-09-30
FGB70025	,ZIZI Hand Sanitizer Gel Food Grade 60 ml,0.16,-0.0,Box,79500.0,0.0,496875.0,2020-09-30
FGB70023	,ZIZI Hand Sanitizer Gel Food Grade Pump 500 ml,0.1,-0.0,Box,90900.0,0.0,909000.0,2020-09-30
FGB70028	,ZIZI Hand Sanitizer Liquid Food Grade 1000 ml,1.16,-0.0,Box,614700.0,0.0,529913.7931034482,2020-09-30
FGB70031	,ZIZI Hand Sanitizer Liquid Food Grade 5000 ml,1.33,-0.0,Box,704430.0,0.0,529646.6165413534,2020-09-30
FGB70030	,ZIZI Hand Sanitizer Liquid Food Grade Pump 500 ml,0.1,-0.0,Box,76500.0,0.0,765000.0,2020-09-30
FGB70041	,ZIZI Hand Sanitizer Liquid Food Grade Spray 100 ml,1.09,-0.0,Box,715550.0,0.0,656467.8899082568,2020-09-30
FGB70042	,ZIZI Hand Sanitizer Liquid Food Grade Spray 250 ml,0.07,-0.0,Box,64800.00000000002,0.0,925714.285714286,2020-09-30
FGB70032	,ZIZI Hand Sanitizer Liquid Food Grade Spray 60 ml,0.16,-0.0,Box,90150.0,0.0,563437.5,2020-09-30
FGB70052	,ZIZI Hand Soap Strawberry 100 ml,1.13,-0.0,Box,341100.0,0.0,301858.407079646,2020-09-30
FGB70055	,ZIZI Hand Soap Strawberry 1000 ml,1.25,-0.0,Box,320400.0,0.0,256320.0,2020-09-30
FGB70053	,ZIZI Hand Soap Strawberry 250 ml,1.19,-0.0,Box,406850.0,0.0,341890.756302521,2020-09-30
FGB70056	,ZIZI Hand Soap Strawberry 5000 ml,1.33,-0.0,Box,339000.0,0.0,254887.2180451128,2020-09-30
FGB70054	,ZIZI Hand Soap Strawberry Pump 500 ml,4.35,-0.0,Box,1742700.0,0.0,400620.6896551724,2020-09-30
FGB80007	,ZIZI Parfum Kasturi 8 ml,12.25,-0.0,Box,2085000.0,0.0,170204.08163265305,2020-09-30
FGB80008	,ZIZI Toothpaste 120 gr,9.06,-0.0,Box,7821880.0,0.0,863342.1633554084,2020-09-30
FGB70038	,ZIZI Antiseptik Alkohol 70% Food Grade 5000 ml,15.0,-0.0,Box,6783750.0,0.0,452250.0,2020-10-31
FGB80001	,ZIZI Aromatherapy Citrus 8 ml,27.0,-0.0,Box,3744000.0,0.0,138666.66666666666,2020-10-31
FGB80002	,ZIZI Aromatherapy Coffee 8 ml,10.0,-0.0,Box,1411200.0,0.0,141120.0,2020-10-31
FGB80003	,ZIZI Aromatherapy Hot 8 ml,21.0,-0.0,Box,2923200.0,0.0,139200.0,2020-10-31
FGB80004	,ZIZI Aromatherapy Kids 8 ml,15.0,-0.0,Box,2102400.0,0.0,140160.0,2020-10-31
FGB80005	,ZIZI Aromatherapy Lemongrass 8 ml,11.0,-0.0,Box,1555200.0,0.0,141381.81818181818,2020-10-31
FGB70006	,ZIZI Body Wash Mild 100 ml,1.0,-1.0,Box,534000.0,-462000.0,534000.0,2020-10-31
FGB70007	,ZIZI Body Wash Mild 250 ml,5.0,-1.0,Box,3088000.0,-600000.0,617600.0,2020-10-31
FGB70035	,ZIZI Body Wash Mild Pump 500 ml,3.25,-0.0,Box,1802500.0,0.0,554615.3846153846,2020-10-31
FGB70043	,ZIZI Desinfektan BKC 1.25% 5000 ml,3.33,-0.0,Box,1269999.999999,0.0,381381.38138108107,2020-10-31
FGB70023	,ZIZI Hand Sanitizer Gel Food Grade Pump 500 ml,0.05,-0.0,Box,50500.0,0.0,1010000.0,2020-10-31
FGB70031	,ZIZI Hand Sanitizer Liquid Food Grade 5000 ml,36.62,-0.0,Box,18713508.000009105,0.0,511018.7875480367,2020-10-31
FGB70041	,ZIZI Hand Sanitizer Liquid Food Grade Spray 100 ml,1.0,-0.0,Box,708000.0,0.0,708000.0,2020-10-31
FGB70056	,ZIZI Hand Soap Strawberry 5000 ml,11.0,-0.0,Box,2499599.9999998976,0.0,227236.3636363544,2020-10-31
FGB70054	,ZIZI Hand Soap Strawberry Pump 500 ml,2.0,-0.0,Box,830700.0,0.0,415350.0,2020-10-31
FGB80007	,ZIZI Parfum Kasturi 8 ml,2.0,-0.0,Box,360000.0,0.0,180000.0,2020-10-31
FGB80008	,ZIZI Toothpaste 120 gr,8.0,-0.0,Box,6983280.0,0.0,872910.0,2020-10-31
FGB70037	,ZIZI Antiseptik Alkohol 70% Food Grade 1000 ml,1.0,-0.0,Box,497250.0,0.0,497250.0,2020-11-30
FGP70057	,ZIZI Antiseptik Alkohol 70% Food Grade 20000 ml (pcs),5.0,-0.0,Box,3800000.0,0.0,760000.0,2020-11-30
FGB80001	,ZIZI Aromatherapy Citrus 8 ml,31.0,-0.0,Box,4266000.0,0.0,137612.90322580645,2020-11-30
FGB80002	,ZIZI Aromatherapy Coffee 8 ml,7.0,-0.0,Box,972000.0,0.0,138857.14285714284,2020-11-30
FGB80003	,ZIZI Aromatherapy Hot 8 ml,39.0,-0.0,Box,5443200.0,0.0,139569.23076923075,2020-11-30
FGB80038	,ZIZI Aromatherapy Kayu Putih 8 ml,26.0,-0.0,Box,3546000.0,0.0,136384.61538461538,2020-11-30
FGB80004	,ZIZI Aromatherapy Kids 8 ml,24.0,-0.0,Box,3297600.0,0.0,137400.0,2020-11-30
FGB80005	,ZIZI Aromatherapy Lemongrass 8 ml,16.0,-0.0,Box,2192400.0,0.0,137025.0,2020-11-30
FGB70006	,ZIZI Body Wash Mild 100 ml,19.0,-0.0,Box,8408400.0,0.0,442547.36842105264,2020-11-30
FGB70007	,ZIZI Body Wash Mild 250 ml,17.0,-0.8,Box,9750000.000000002,-480000.0,573529.4117647058,2020-11-30
FGB70036	,ZIZI Body Wash Mild Pump 1000 ml,15.0,-0.0,Box,7617600.0,0.0,507840.0,2020-11-30
FGB70035	,ZIZI Body Wash Mild Pump 500 ml,151.0,-0.0,Box,64410750.0,0.0,426561.2582781457,2020-11-30
FGB70008	,ZIZI Body Wash Mild Refill 450 ml,33.0,-31.2,Box,12474000.0,-13104000.0,378000.0,2020-11-30
FGB70044	,ZIZI Desinfektan Multi Purpose BKC 1.25% 1000 ml,1.0,-0.0,Box,356850.0,0.0,356850.0,2020-11-30
FGB70021	,ZIZI Hand Sanitizer Gel Food Grade 1000 ml,2.0,-0.0,Box,1277430.0,0.0,638715.0,2020-11-30
FGB70024	,ZIZI Hand Sanitizer Gel Food Grade 5000 ml,0.33,-0.0,Box,301999.99999999994,0.0,915151.515151515,2020-11-30
FGB70025	,ZIZI Hand Sanitizer Gel Food Grade 60 ml,1.0,-0.0,Box,438750.0,0.0,438750.0,2020-11-30
FGB70023	,ZIZI Hand Sanitizer Gel Food Grade Pump 500 ml,2.0,-0.0,Box,1542800.0,0.0,771400.0,2020-11-30
FGB70031	,ZIZI Hand Sanitizer Liquid Food Grade 5000 ml,5.66,-0.0,Box,3204800.000001,0.0,566219.0812722616,2020-11-30
FGB70030	,ZIZI Hand Sanitizer Liquid Food Grade Pump 500 ml,1.0,-0.0,Box,688000.0,0.0,688000.0,2020-11-30
FGB70041	,ZIZI Hand Sanitizer Liquid Food Grade Spray 100 ml,1.0,-0.0,Box,672600.0,0.0,672600.0,2020-11-30
FGB70052	,ZIZI Hand Soap Strawberry 100 ml,1.0,-0.0,Box,307800.0,0.0,307800.0,2020-11-30
FGB70055	,ZIZI Hand Soap Strawberry 1000 ml,2.0,-0.0,Box,476520.0,0.0,238260.0,2020-11-30
FGB70056	,ZIZI Hand Soap Strawberry 5000 ml,1.0,-0.0,Box,222480.0,0.0,222480.0,2020-11-30
FGB70054	,ZIZI Hand Soap Strawberry Pump 500 ml,4.0,-0.0,Box,1597500.0,0.0,399375.0,2020-11-30
FGB80007	,ZIZI Parfum Kasturi 8 ml,5.0,-0.0,Box,846000.0,0.0,169200.0,2020-11-30
FGB70059	,ZIZI Shampoo Anti Dandruff 200 ml,26.0,-0.0,Box,15131700.0,0.0,581988.4615384615,2020-11-30
FGB70060	,ZIZI Shampoo Anti Dandruff 500 ml,11.0,-0.0,Box,7210000.0,0.0,655454.5454545455,2020-11-30
FGB70058	,ZIZI Shampoo Anti Dandruff 70 ml,23.0,-0.0,Box,10452000.0,0.0,454434.7826086957,2020-11-30
FGB80008	,ZIZI Toothpaste 120 gr,20.0,-0.0,Box,16491960.0,0.0,824598.0,2020-11-30
FGB80001	,ZIZI Aromatherapy Citrus 8 ml,18.0,-0.0,Box,2397600.0,0.0,133200.0,2020-12-31
FGB80002	,ZIZI Aromatherapy Coffee 8 ml,8.0,-0.0,Box,1080000.0,0.0,135000.0,2020-12-31
FGB80003	,ZIZI Aromatherapy Hot 8 ml,22.0,-0.0,Box,2887200.0,0.0,131236.36363636365,2020-12-31
FGB80038	,ZIZI Aromatherapy Kayu Putih 8 ml,11.0,-0.0,Box,1468800.0,0.0,133527.2727272727,2020-12-31
FGB80004	,ZIZI Aromatherapy Kids 8 ml,7.0,-0.0,Box,928800.0,0.0,132685.7142857143,2020-12-31
FGB80005	,ZIZI Aromatherapy Lemongrass 8 ml,13.0,-0.0,Box,1699200.0,0.0,130707.6923076923,2020-12-31
FGB70007	,ZIZI Body Wash Mild 250 ml,12.0,-0.0,Box,6720000.0,0.0,560000.0,2020-12-31
FGB70036	,ZIZI Body Wash Mild Pump 1000 ml,7.0,-0.0,Box,3505200.0,0.0,500742.8571428571,2020-12-31
FGB70035	,ZIZI Body Wash Mild Pump 500 ml,36.0,-0.0,Box,15165000.0,0.0,421250.0,2020-12-31
FGB70043	,ZIZI Desinfektan BKC 1.25% 5000 ml,12.0,-0.0,Box,1232730.0,0.0,102727.5,2020-12-31
FGB70022	,ZIZI Hand Sanitizer Gel Food Grade 250 ml,1.0,-0.0,Box,580000.0,0.0,580000.0,2020-12-31
FGB70028	,ZIZI Hand Sanitizer Liquid Food Grade 1000 ml,2.0,-0.0,Box,864000.0,0.0,432000.0,2020-12-31
FGB70031	,ZIZI Hand Sanitizer Liquid Food Grade 5000 ml,10.0,-0.0,Box,5098320.0,0.0,509832.0,2020-12-31
FGB70041	,ZIZI Hand Sanitizer Liquid Food Grade Spray 100 ml,2.0,-0.0,Box,1123200.0,0.0,561600.0,2020-12-31
FGB70032	,ZIZI Hand Sanitizer Liquid Food Grade Spray 60 ml,2.0,-0.0,Box,729000.0,0.0,364500.0,2020-12-31
FGB70052	,ZIZI Hand Soap Strawberry 100 ml,1.0,-0.0,Box,291600.0,0.0,291600.0,2020-12-31
FGB70053	,ZIZI Hand Soap Strawberry 250 ml,1.0,-0.0,Box,298800.0,0.0,298800.0,2020-12-31
FGB70054	,ZIZI Hand Soap Strawberry Pump 500 ml,1.0,-0.0,Box,383400.0,0.0,383400.0,2020-12-31
FGB80007	,ZIZI Parfum Kasturi 8 ml,5.0,-0.0,Box,810000.0,0.0,162000.0,2020-12-31
FGB70059	,ZIZI Shampoo Anti Dandruff 200 ml,7.0,-0.0,Box,4023900.0,0.0,574842.8571428572,2020-12-31
FGB70060	,ZIZI Shampoo Anti Dandruff 500 ml,2.0,-0.0,Box,1330000.0,0.0,665000.0,2020-12-31
FGB70058	,ZIZI Shampoo Anti Dandruff 70 ml,3.0,-0.0,Box,1296000.0,0.0,432000.0,2020-12-31
FGB80008	,ZIZI Toothpaste 120 gr,9.0,-0.0,Box,7488360.0,0.0,832040.0,2020-12-31
FGB80001	,ZIZI Aromatherapy Citrus 8 ml,37.0,-4.0,Box,5068800.0,-576000.0,136994.5945945946,2021-01-31
FGB80002	,ZIZI Aromatherapy Coffee 8 ml,9.0,-1.0,Box,1209600.0,-144000.0,134400.0,2021-01-31
FGB80003	,ZIZI Aromatherapy Hot 8 ml,36.0,-9.1,Box,4953600.0,-1310400.0,137600.0,2021-01-31
FGB80038	,ZIZI Aromatherapy Kayu Putih 8 ml,22.0,-0.0,Box,2959200.0,0.0,134509.0909090909,2021-01-31
FGB80004	,ZIZI Aromatherapy Kids 8 ml,18.0,-13.08,Box,2440800.0,-1883520.0,135600.0,2021-01-31
FGB80005	,ZIZI Aromatherapy Lemongrass 8 ml,15.0,-9.0,Box,2019600.0,-1296000.0,134640.0,2021-01-31
FGB70006	,ZIZI Body Wash Mild 100 ml,15.0,-29.3,Box,6560400.0,-13536600.0,437360.0,2021-01-31
FGB70007	,ZIZI Body Wash Mild 250 ml,14.0,-15.27,Box,7830000.0,-9162000.0,559285.7142857143,2021-01-31
FGB70036	,ZIZI Body Wash Mild Pump 1000 ml,14.0,-0.0,Box,7148400.0,0.0,510600.0,2021-01-31
FGB70035	,ZIZI Body Wash Mild Pump 500 ml,112.0,-0.0,Box,46849500.0,0.0,418299.1071428571,2021-01-31
FGB70008	,ZIZI Body Wash Mild Refill 450 ml,311.0,-15.26,Box,123364500.0,-6409200.0,396670.4180064309,2021-01-31
FGB70043	,ZIZI Desinfektan BKC 1.25% 5000 ml,5.33,-0.0,Box,550000.0,0.0,103189.49343339588,2021-01-31
FGB70044	,ZIZI Desinfektan Multi Purpose BKC 1.25% 1000 ml,3.0,-0.0,Box,302400.0,0.0,100800.0,2021-01-31
FGB70062	,ZIZI Dish Wash Lime Refill 400 ml,29.0,-0.0,Box,4786560.0,0.0,165053.7931034483,2021-01-31
FGB70063	,ZIZI Dish Wash Lime Refill 800 ml,56.0,-0.0,Box,7305120.0,0.0,130448.57142857142,2021-01-31
FGB70022	,ZIZI Hand Sanitizer Gel Food Grade 250 ml,1.0,-0.0,Box,522000.0,0.0,522000.0,2021-01-31
FGB70024	,ZIZI Hand Sanitizer Gel Food Grade 5000 ml,1.33,-0.0,Box,675620.0,0.0,507984.962406015,2021-01-31
FGB70023	,ZIZI Hand Sanitizer Gel Food Grade Pump 500 ml,1.0,-1.81,Box,558000.0,-1469720.0,558000.0,2021-01-31
FGB70028	,ZIZI Hand Sanitizer Liquid Food Grade 1000 ml,4.0,-0.0,Box,1788000.0,0.0,447000.0,2021-01-31
FGB70031	,ZIZI Hand Sanitizer Liquid Food Grade 5000 ml,18.33,-0.0,Box,9681359.999999,0.0,528170.2127659029,2021-01-31
FGB70055	,ZIZI Hand Soap Strawberry 1000 ml,4.0,-0.0,Box,940500.0,0.0,235125.0,2021-01-31
FGB70053	,ZIZI Hand Soap Strawberry 250 ml,4.0,-0.0,Box,1220100.0,0.0,305025.0,2021-01-31
FGB70056	,ZIZI Hand Soap Strawberry 5000 ml,2.0,-0.0,Box,494400.0,0.0,247200.0,2021-01-31
FGB70054	,ZIZI Hand Soap Strawberry Pump 500 ml,5.0,-0.0,Box,1970250.0,0.0,394050.0,2021-01-31
FGB80007	,ZIZI Parfum Kasturi 8 ml,15.0,-1.1,Box,2506500.0,-198000.0,167100.0,2021-01-31
FGB70059	,ZIZI Shampoo Anti Dandruff 200 ml,17.0,-0.0,Box,9669600.0,0.0,568800.0,2021-01-31
FGB70060	,ZIZI Shampoo Anti Dandruff 500 ml,1.0,-0.0,Box,700000.0,0.0,700000.0,2021-01-31
FGB70058	,ZIZI Shampoo Anti Dandruff 70 ml,6.0,-0.0,Box,2268000.0,0.0,378000.0,2021-01-31
FGB80008	,ZIZI Toothpaste 120 gr,13.0,-2.0,Box,10540800.0,-1756800.0,810830.7692307692,2021-01-31
FGB80001	,ZIZI Aromatherapy Citrus 8 ml,13.0,-0.0,Box,1728000.0,0.0,132923.0769230769,2021-02-28
FGB80002	,ZIZI Aromatherapy Coffee 8 ml,4.0,-0.0,Box,525600.0,0.0,131400.0,2021-02-28
FGB80003	,ZIZI Aromatherapy Hot 8 ml,14.0,-0.0,Box,1893600.0,0.0,135257.14285714284,2021-02-28
FGB80038	,ZIZI Aromatherapy Kayu Putih 8 ml,13.0,-0.0,Box,1713600.0,0.0,131815.3846153846,2021-02-28
FGB80004	,ZIZI Aromatherapy Kids 8 ml,9.0,-0.0,Box,1173600.0,0.0,130400.0,2021-02-28
FGB80005	,ZIZI Aromatherapy Lemongrass 8 ml,2.0,-0.0,Box,266400.0,0.0,133200.0,2021-02-28
FGB70006	,ZIZI Body Wash Mild 100 ml,2.0,-0.0,Box,900900.0,0.0,450450.0,2021-02-28
FGB70007	,ZIZI Body Wash Mild 250 ml,10.0,-0.0,Box,5730000.0,0.0,573000.0,2021-02-28
FGB70036	,ZIZI Body Wash Mild Pump 1000 ml,3.0,-0.0,Box,1518000.0,0.0,506000.0,2021-02-28
FGB70035	,ZIZI Body Wash Mild Pump 500 ml,4.0,-0.0,Box,1998000.0,0.0,499500.0,2021-02-28
FGB70008	,ZIZI Body Wash Mild Refill 450 ml,65.0,-0.29,Box,26481000.0,-121800.0,407400.0,2021-02-28
FGB70043	,ZIZI Desinfektan BKC 1.25% 5000 ml,3.0,-0.0,Box,733500.0,0.0,244500.0,2021-02-28
FGB70044	,ZIZI Desinfektan Multi Purpose BKC 1.25% 1000 ml,6.0,-0.0,Box,1418040.0,0.0,236340.0,2021-02-28
FGB70062	,ZIZI Dish Wash Lime Refill 400 ml,6.0,-0.0,Box,997920.0,0.0,166320.0,2021-02-28
FGB70063	,ZIZI Dish Wash Lime Refill 800 ml,182.0,-0.0,Box,23662980.0,0.0,130016.37362637362,2021-02-28
FGB70028	,ZIZI Hand Sanitizer Liquid Food Grade 1000 ml,3.0,-0.0,Box,1417200.0,0.0,472400.0,2021-02-28
FGB70031	,ZIZI Hand Sanitizer Liquid Food Grade 5000 ml,2.0,-0.0,Box,1051200.0,0.0,525600.0,2021-02-28
FGB70052	,ZIZI Hand Soap Strawberry 100 ml,1.0,-0.0,Box,420000.0,0.0,420000.0,2021-02-28
FGB70053	,ZIZI Hand Soap Strawberry 250 ml,3.0,-0.0,Box,971100.0,0.0,323700.0,2021-02-28
FGB70054	,ZIZI Hand Soap Strawberry Pump 500 ml,3.0,-0.0,Box,1150200.0,0.0,383400.0,2021-02-28
FGB80007	,ZIZI Parfum Kasturi 8 ml,1.0,-0.0,Box,171000.0,0.0,171000.0,2021-02-28
FGB70059	,ZIZI Shampoo Anti Dandruff 200 ml,4.0,-0.0,Box,2310300.0,0.0,577575.0,2021-02-28
FGB70060	,ZIZI Shampoo Anti Dandruff 500 ml,2.0,-0.0,Box,1260000.0,0.0,630000.0,2021-02-28
FGB70058	,ZIZI Shampoo Anti Dandruff 70 ml,2.0,-0.0,Box,1062000.0,0.0,531000.0,2021-02-28
FGB80008	,ZIZI Toothpaste 120 gr,7.33,-0.0,Box,5709600.0,0.0,778935.8799454297,2021-02-28
FGB80001	,ZIZI Aromatherapy Citrus 8 ml,20.0,-0.0,Box,2710800.0,0.0,135540.0,2021-03-31
FGB80002	,ZIZI Aromatherapy Coffee 8 ml,13.0,-0.0,Box,1792800.0,0.0,137907.6923076923,2021-03-31
FGB80003	,ZIZI Aromatherapy Hot 8 ml,26.0,-0.0,Box,3528000.0,0.0,135692.3076923077,2021-03-31
FGB80038	,ZIZI Aromatherapy Kayu Putih 8 ml,12.0,-0.0,Box,1688400.0,0.0,140700.0,2021-03-31
FGB80004	,ZIZI Aromatherapy Kids 8 ml,13.0,-0.0,Box,1803600.0,0.0,138738.46153846153,2021-03-31
FGB80005	,ZIZI Aromatherapy Lemongrass 8 ml,20.0,-0.0,Box,2700000.0,0.0,135000.0,2021-03-31
FGB70006	,ZIZI Body Wash Mild 100 ml,1.0,-0.0,Box,438900.0,0.0,438900.0,2021-03-31
FGB70007	,ZIZI Body Wash Mild 250 ml,8.8,-0.0,Box,5055000.0,0.0,574431.8181818181,2021-03-31
FGB70008	,ZIZI Body Wash Mild Refill 450 ml,444.75,-2.0,Box,173772270.0,-840000.0,390718.98819561553,2021-03-31
FGB70043	,ZIZI Desinfektan BKC 1.25% 5000 ml,3.0,-0.0,Box,684600.0,0.0,228200.0,2021-03-31
FGB70062	,ZIZI Dish Wash Lime Refill 400 ml,9.0,-0.0,Box,1503360.0,0.0,167040.0,2021-03-31
FGB70063	,ZIZI Dish Wash Lime Refill 800 ml,25.0,-0.0,Box,3331080.0,0.0,133243.2,2021-03-31
FGB70020	,ZIZI Hand Sanitizer Gel Food Grade 100 ml,2.0,-0.0,Box,896400.0,0.0,448200.0,2021-03-31
FGB70024	,ZIZI Hand Sanitizer Gel Food Grade 5000 ml,3.0,-0.0,Box,1479060.0,0.0,493020.0,2021-03-31
FGB70025	,ZIZI Hand Sanitizer Gel Food Grade 60 ml,1.0,-0.0,Box,323000.0,0.0,323000.0,2021-03-31
FGB70028	,ZIZI Hand Sanitizer Liquid Food Grade 1000 ml,1.0,-0.0,Box,432000.0,0.0,432000.0,2021-03-31
FGB70031	,ZIZI Hand Sanitizer Liquid Food Grade 5000 ml,2.0,-0.0,Box,946080.0,0.0,473040.0,2021-03-31
FGB70030	,ZIZI Hand Sanitizer Liquid Food Grade Pump 500 ml,1.0,-0.0,Box,544000.0,0.0,544000.0,2021-03-31
FGB70041	,ZIZI Hand Sanitizer Liquid Food Grade Spray 100 ml,7.0,-0.0,Box,3817800.0,0.0,545400.0,2021-03-31
FGB70032	,ZIZI Hand Sanitizer Liquid Food Grade Spray 60 ml,1.0,-0.0,Box,394875.0,0.0,394875.0,2021-03-31
FGB70052	,ZIZI Hand Soap Strawberry 100 ml,3.0,-0.0,Box,947700.0,0.0,315900.0,2021-03-31
FGB70055	,ZIZI Hand Soap Strawberry 1000 ml,1.0,-0.0,Box,225720.0,0.0,225720.0,2021-03-31
FGB70053	,ZIZI Hand Soap Strawberry 250 ml,3.0,-0.0,Box,896400.0,0.0,298800.0,2021-03-31
FGB70056	,ZIZI Hand Soap Strawberry 5000 ml,3.0,-0.0,Box,723060.0,0.0,241020.0,2021-03-31
FGB70054	,ZIZI Hand Soap Strawberry Pump 500 ml,1.0,-0.0,Box,415350.0,0.0,415350.0,2021-03-31
FGB80007	,ZIZI Parfum Kasturi 8 ml,11.0,-0.0,Box,1876500.0,0.0,170590.9090909091,2021-03-31
FGB70059	,ZIZI Shampoo Anti Dandruff 200 ml,13.0,-0.0,Box,7466400.0,0.0,574338.4615384615,2021-03-31
FGB70060	,ZIZI Shampoo Anti Dandruff 500 ml,2.0,-0.0,Box,1382500.0,0.0,691250.0,2021-03-31
FGB70058	,ZIZI Shampoo Anti Dandruff 70 ml,4.0,-0.0,Box,1836000.0,0.0,459000.0,2021-03-31
FGB80008	,ZIZI Toothpaste 120 gr,8.0,-0.0,Box,6763680.0,0.0,845460.0,2021-03-31
FGB80001	,ZIZI Aromatherapy Citrus 8 ml,20.0,-0.0,Box,2656800.0,0.0,132840.0,2021-04-30
FGB80002	,ZIZI Aromatherapy Coffee 8 ml,8.0,-0.0,Box,1065600.0,0.0,133200.0,2021-04-30
FGB80003	,ZIZI Aromatherapy Hot 8 ml,30.0,-0.0,Box,4010400.0,0.0,133680.0,2021-04-30
FGB80038	,ZIZI Aromatherapy Kayu Putih 8 ml,4.0,-0.0,Box,554400.0,0.0,138600.0,2021-04-30
FGB80004	,ZIZI Aromatherapy Kids 8 ml,12.0,-0.0,Box,1605600.0,0.0,133800.0,2021-04-30
FGB80005	,ZIZI Aromatherapy Lemongrass 8 ml,5.0,-0.0,Box,648000.0,0.0,129600.0,2021-04-30
FGB70006	,ZIZI Body Wash Mild 100 ml,6.0,-0.0,Box,2497110.0,0.0,416185.0,2021-04-30
FGB70007	,ZIZI Body Wash Mild 250 ml,7.0,-0.0,Box,3930000.0,0.0,561428.5714285714,2021-04-30
FGB70036	,ZIZI Body Wash Mild Pump 1000 ml,7.0,-0.0,Box,3507960.0,0.0,501137.1428571429,2021-04-30
FGB70035	,ZIZI Body Wash Mild Pump 500 ml,17.0,-0.0,Box,8505000.0,0.0,500294.1176470588,2021-04-30
FGB70008	,ZIZI Body Wash Mild Refill 450 ml,144.0,-0.78,Box,56217000.0,-327600.0,390395.83333333326,2021-04-30
FGB70062	,ZIZI Dish Wash Lime Refill 400 ml,1.0,-0.0,Box,172800.0,0.0,172800.0,2021-04-30
FGB70063	,ZIZI Dish Wash Lime Refill 800 ml,20.0,-0.0,Box,2559870.0,0.0,127993.5,2021-04-30
FGB70031	,ZIZI Hand Sanitizer Liquid Food Grade 5000 ml,33.66,-0.0,Box,15922526.4,0.0,473040.0,2021-04-30
FGB70041	,ZIZI Hand Sanitizer Liquid Food Grade Spray 100 ml,1.66,-0.0,Box,902256.0,0.0,543527.7108433736,2021-04-30
FGB70032	,ZIZI Hand Sanitizer Liquid Food Grade Spray 60 ml,1.0,-0.0,Box,364500.0,0.0,364500.0,2021-04-30
FGB70054	,ZIZI Hand Soap Strawberry Pump 500 ml,2.0,-0.0,Box,766800.0,0.0,383400.0,2021-04-30
FGB80007	,ZIZI Parfum Kasturi 8 ml,7.0,-0.0,Box,1242000.0,0.0,177428.57142857142,2021-04-30
FGB70059	,ZIZI Shampoo Anti Dandruff 200 ml,5.0,-0.0,Box,2998800.0,0.0,599760.0,2021-04-30
FGB70060	,ZIZI Shampoo Anti Dandruff 500 ml,4.65,-0.65,Box,2975000.0,-455000.0,639784.9462365591,2021-04-30
FGB70058	,ZIZI Shampoo Anti Dandruff 70 ml,5.0,-0.0,Box,2208000.0,0.0,441600.0,2021-04-30
FGB80008	,ZIZI Toothpaste 120 gr,14.0,-0.0,Box,11463120.0,0.0,818794.2857142858,2021-04-30
MKG90003	,Brosur ZIZI,50.0,-0.0,pcs,0.0,0.0,0.0,2021-05-31
MKG90008	,Spanduk ZIZI 2X1 m,1.0,-0.0,pcs,0.0,0.0,0.0,2021-05-31
FGB80001	,ZIZI Aromatherapy Citrus 8 ml,13.0,-0.0,Box,1699200.0,0.0,130707.6923076923,2021-05-31
FGB80002	,ZIZI Aromatherapy Coffee 8 ml,16.0,-0.0,Box,2131200.0,0.0,133200.0,2021-05-31
FGB80003	,ZIZI Aromatherapy Hot 8 ml,4.0,-0.0,Box,576000.0,0.0,144000.0,2021-05-31
FGB80038	,ZIZI Aromatherapy Kayu Putih 8 ml,11.0,-0.0,Box,1440000.0,0.0,130909.0909090909,2021-05-31
FGB80004	,ZIZI Aromatherapy Kids 8 ml,12.0,-0.0,Box,1569600.0,0.0,130800.0,2021-05-31
FGB80005	,ZIZI Aromatherapy Lemongrass 8 ml,16.0,-0.0,Box,2124000.0,0.0,132750.0,2021-05-31
FGB70006	,ZIZI Body Wash Mild 100 ml,3.0,-0.0,Box,1316700.0,0.0,438900.0,2021-05-31
FGB70007	,ZIZI Body Wash Mild 250 ml,3.0,-1.2,Box,1680000.0,-720000.0,560000.0,2021-05-31
FGB70036	,ZIZI Body Wash Mild Pump 1000 ml,2.0,-0.0,Box,1060080.0,0.0,530040.0,2021-05-31
FGB70035	,ZIZI Body Wash Mild Pump 500 ml,8.0,-0.0,Box,4185000.0,0.0,523125.0,2021-05-31
FGB70008	,ZIZI Body Wash Mild Refill 450 ml,93.0,-0.0,Box,36973560.0,0.0,397565.16129032255,2021-05-31
FGP70043	,ZIZI Desinfektan Multi Purpose BKC 1.25% 5000 ml (pcs),3.0,-0.0,pcs,220050.0,0.0,73350.0,2021-05-31
FGB70063	,ZIZI Dish Wash Lime Refill 800 ml,13.0,-0.0,Box,1803390.0,0.0,138722.3076923077,2021-05-31
FGB70020	,ZIZI Hand Sanitizer Gel Food Grade 100 ml,1.0,-0.0,Box,498000.0,0.0,498000.0,2021-05-31
FGB70025	,ZIZI Hand Sanitizer Gel Food Grade 60 ml,3.3,-0.0,Box,1155000.0,0.0,350000.0,2021-05-31
FGB70031	,ZIZI Hand Sanitizer Liquid Food Grade 5000 ml,1.0,-0.0,Box,473040.0,0.0,473040.0,2021-05-31
FGB70041	,ZIZI Hand Sanitizer Liquid Food Grade Spray 100 ml,1.6,-0.0,Box,665000.0,0.0,415625.0,2021-05-31
FGB70032	,ZIZI Hand Sanitizer Liquid Food Grade Spray 60 ml,2.8,-0.0,Box,980000.0,0.0,350000.0,2021-05-31
FGB70055	,ZIZI Hand Soap Strawberry 1000 ml,2.0,-0.0,Box,384480.0,0.0,192240.0,2021-05-31
FGB80007	,ZIZI Parfum Kasturi 8 ml,14.0,-0.0,Box,2286000.0,0.0,163285.7142857143,2021-05-31
FGB70060	,ZIZI Shampoo Anti Dandruff 500 ml,1.0,-0.0,Box,700000.0,0.0,700000.0,2021-05-31
FGB80008	,ZIZI Toothpaste 120 gr,5.0,-0.0,Box,3996720.0,0.0,799344.0,2021-05-31
MKG90008	,Spanduk ZIZI 2X1 m,1.0,-0.0,pcs,0.0,0.0,0.0,2021-06-30
FGB80002	,ZIZI Aromatherapy Coffee 8 ml,1.0,-0.0,Box,144000.0,0.0,144000.0,2021-06-30
FGB80038	,ZIZI Aromatherapy Kayu Putih 8 ml,2.0,-0.0,Box,266400.0,0.0,133200.0,2021-06-30
FGB80004	,ZIZI Aromatherapy Kids 8 ml,2.0,-0.0,Box,266400.0,0.0,133200.0,2021-06-30
FGB80005	,ZIZI Aromatherapy Lemongrass 8 ml,2.0,-0.0,Box,273600.0,0.0,136800.0,2021-06-30
FGB70070	,ZIZI Body Wash Floral 100 ml,2.0,-0.0,Box,854700.0,0.0,427350.0,2021-06-30
FGB70071	,ZIZI Body Wash Floral 500 ml,4.0,-0.0,Box,1944000.0,0.0,486000.0,2021-06-30
FGB70006	,ZIZI Body Wash Mild 100 ml,0.0,-0.0,Box,0.0,0.0,0.0,2021-06-30
FGB70007	,ZIZI Body Wash Mild 250 ml,5.0,-0.0,Box,2790000.0,0.0,558000.0,2021-06-30
FGB70035	,ZIZI Body Wash Mild Pump 500 ml,0.0,-0.0,Box,0.0,0.0,0.0,2021-06-30
FGB70008	,ZIZI Body Wash Mild Refill 450 ml,19.0,-0.0,Box,7602000.0,0.0,400105.2631578947,2021-06-30
FGB70044	,ZIZI Desinfektan Multi Purpose BKC 1.25% 1000 ml,8.0,-0.0,Box,1185764.914154295,0.0,148220.61426928692,2021-06-30
FGP70043	,ZIZI Desinfektan Multi Purpose BKC 1.25% 5000 ml (pcs),29.0,-0.0,pcs,1140570.0,0.0,39330.0,2021-06-30
FGB70063	,ZIZI Dish Wash Lime Refill 800 ml,14.0,-0.0,Box,1931523.9349818944,0.0,137965.9953558496,2021-06-30
FGP70024	,ZIZI Hand Sanitizer Gel Food Grade 5000 ml (pcs),30.0,-0.0,pcs,4200000.0,0.0,140000.0,2021-06-30
FGB70028	,ZIZI Hand Sanitizer Liquid Food Grade 1000 ml,7.25,-0.0,Box,3192000.0,0.0,440275.8620689655,2021-06-30
FGP70031	,ZIZI Hand Sanitizer Liquid Food Grade 5000 ml (pcs),12.0,-0.0,pcs,1909680.0,0.0,159140.0,2021-06-30
FGB70041	,ZIZI Hand Sanitizer Liquid Food Grade Spray 100 ml,1.0,-0.0,Box,561600.0,0.0,561600.0,2021-06-30
FGB70055	,ZIZI Hand Soap Strawberry 1000 ml,1.0,-0.0,Box,192240.0,0.0,192240.0,2021-06-30
FGM80039	,ZIZI Massage Oil Citrus 100 ml (pcs),5.0,-0.0,pcs,150000.0,0.0,30000.0,2021-06-30
FGB80007	,ZIZI Parfum Kasturi 8 ml,2.0,-0.0,Box,342000.0,0.0,171000.0,2021-06-30
FGB80008	,ZIZI Toothpaste 120 gr,4.0,-0.0,Box,3182979.6964296824,0.0,795744.9241074206,2021-06-30
FGB70037	,ZIZI Antiseptik Alkohol 70% Food Grade 1000 ml,4.0,-0.0,Box,1905120.0,0.0,476280.0,2021-07-31
FGB80001	,ZIZI Aromatherapy Citrus 8 ml,33.0,-0.0,Box,4559760.0,0.0,138174.54545454544,2021-07-31
FGB80002	,ZIZI Aromatherapy Coffee 8 ml,17.0,-0.0,Box,2302560.0,0.0,135444.70588235295,2021-07-31
FGB80003	,ZIZI Aromatherapy Hot 8 ml,37.0,-0.0,Box,5038560.0,0.0,136177.29729729728,2021-07-31
FGB80004	,ZIZI Aromatherapy Kids 8 ml,21.0,-0.0,Box,2846160.0,0.0,135531.42857142855,2021-07-31
FGB80005	,ZIZI Aromatherapy Lemongrass 8 ml,22.0,-0.0,Box,3022560.0,0.0,137389.0909090909,2021-07-31
FGB70006	,ZIZI Body Wash Mild 100 ml,29.0,-0.0,Box,12693450.0,0.0,437705.1724137931,2021-07-31
FGB70007	,ZIZI Body Wash Mild 250 ml,23.0,-0.0,Box,13410000.0,0.0,583043.4782608696,2021-07-31
FGB70036	,ZIZI Body Wash Mild Pump 1000 ml,13.0,-0.0,Box,6679200.0,0.0,513784.6153846154,2021-07-31
FGB70035	,ZIZI Body Wash Mild Pump 500 ml,13.0,-0.0,Box,6588000.0,0.0,506769.2307692308,2021-07-31
FGB70008	,ZIZI Body Wash Mild Refill 450 ml,259.083333,-0.0,Box,102058000.0,0.0,393919.5887988673,2021-07-31
FGB70050	,"ZIZI Desinfektan BKC 0,025% Spray 100 ml",441.52,-0.0,Box,137758399.999964,0.0,312009.421996657,2021-07-31
FGB70051	,"ZIZI Desinfektan BKC 0,025% Spray 250 ml",2.0,-0.0,Box,800000.0,0.0,400000.0,2021-07-31
FGB70046	,ZIZI Desinfektan BKC 1.25% / Fg 5% 1000 ml,17.5,-0.0,Box,11880000.000001,0.0,678857.1428572,2021-07-31
FGB70049	,ZIZI Desinfektan BKC 1.25% / Fg 5% 5000 ml,16.67,-0.0,Box,9750000.000001002,0.0,584883.0233953809,2021-07-31
FGB70043	,ZIZI Desinfektan BKC 1.25% 5000 ml,1.33,-0.0,Box,437710.0,0.0,329105.2631578948,2021-07-31
FGB70044	,ZIZI Desinfektan Multi Purpose BKC 1.25% 1000 ml,2.0,-0.0,Box,658800.0,0.0,329400.0,2021-07-31
FGB70020	,ZIZI Hand Sanitizer Gel Food Grade 100 ml,2.0,-0.0,Box,1242600.0,0.0,621300.0,2021-07-31
FGB70024	,ZIZI Hand Sanitizer Gel Food Grade 5000 ml,1.0,-0.0,Box,732600.0,0.0,732600.0,2021-07-31
FGB70025	,ZIZI Hand Sanitizer Gel Food Grade 60 ml,3.0,-0.0,Box,1350000.0,0.0,450000.0,2021-07-31
FGB70023	,ZIZI Hand Sanitizer Gel Food Grade Pump 500 ml,3.0,-0.0,Box,2192400.0,0.0,730800.0,2021-07-31
FGB70027	,ZIZI Hand Sanitizer Liquid Food Grade 100 ml,0.65,-0.0,Box,417300.0,0.0,642000.0,2021-07-31
FGB70028	,ZIZI Hand Sanitizer Liquid Food Grade 1000 ml,3.0,-0.0,Box,1399680.0,0.0,466560.0,2021-07-31
FGB70029	,ZIZI Hand Sanitizer Liquid Food Grade 250 ml,2.0,-0.0,Box,1208400.0,0.0,604200.0,2021-07-31
FGB70031	,ZIZI Hand Sanitizer Liquid Food Grade 5000 ml,5.666667,-0.0,Box,3245800.0,0.0,572788.201600694,2021-07-31
FGB70041	,ZIZI Hand Sanitizer Liquid Food Grade Spray 100 ml,6.0,-0.0,Box,4026000.0,0.0,671000.0,2021-07-31
FGB70032	,ZIZI Hand Sanitizer Liquid Food Grade Spray 60 ml,85.0,-0.0,Box,3255000.0,0.0,38294.11764705882,2021-07-31
FGB70052	,ZIZI Hand Soap Strawberry 100 ml,2.0,-0.0,Box,615600.0,0.0,307800.0,2021-07-31
FGB70053	,ZIZI Hand Soap Strawberry 250 ml,2.0,-0.0,Box,664000.0,0.0,332000.0,2021-07-31
FGB70056	,ZIZI Hand Soap Strawberry 5000 ml,5.0,-0.0,Box,1229820.0,0.0,245964.0,2021-07-31
FGB70054	,ZIZI Hand Soap Strawberry Pump 500 ml,14.0,-0.0,Box,5804250.0,0.0,414589.2857142857,2021-07-31
FGB80007	,ZIZI Parfum Kasturi 8 ml,26.0,-0.0,Box,4455000.0,0.0,171346.15384615384,2021-07-31
FGB80008	,ZIZI Toothpaste 120 gr,33.07,-0.0,Box,27629800.0,0.0,835494.4058058662,2021-07-31
MKG90008	,Spanduk ZIZI 2X1 m,5.0,-0.0,pcs,0.0,0.0,0.0,2021-08-31
FGB80001	,ZIZI Aromatherapy Citrus 8 ml,8.0,-0.0,Box,1072800.0,0.0,134100.0,2021-08-31
FGB80002	,ZIZI Aromatherapy Coffee 8 ml,8.0,-0.0,Box,1080000.0,0.0,135000.0,2021-08-31
FGB80003	,ZIZI Aromatherapy Hot 8 ml,11.0,-0.0,Box,1512000.0,0.0,137454.54545454544,2021-08-31
FGB80038	,ZIZI Aromatherapy Kayu Putih 8 ml,8.0,-0.0,Box,1069200.0,0.0,133650.0,2021-08-31
FGB80004	,ZIZI Aromatherapy Kids 8 ml,6.0,-0.0,Box,806400.0,0.0,134400.0,2021-08-31
FGB80005	,ZIZI Aromatherapy Lemongrass 8 ml,8.0,-0.0,Box,1051200.0,0.0,131400.0,2021-08-31
FGB70070	,ZIZI Body Wash Floral 100 ml,3.0,-0.0,Box,1247400.0,0.0,415800.0,2021-08-31
FGB70073	,ZIZI Body Wash Floral 1000 ml,5.0,-0.0,Box,2678400.0,0.0,535680.0,2021-08-31
FGB70072	,ZIZI Body Wash Floral 250 ml,2.0,-0.0,Box,1080000.0,0.0,540000.0,2021-08-31
FGB70071	,ZIZI Body Wash Floral 500 ml,14.0,-0.0,Box,7020000.0,0.0,501428.57142857136,2021-08-31
FGB70006	,ZIZI Body Wash Mild 100 ml,0.83,-0.0,Box,345114.0,0.0,415800.0,2021-08-31
FGB70007	,ZIZI Body Wash Mild 250 ml,4.0,-0.0,Box,2190000.0,0.0,547500.0,2021-08-31
FGB70035	,ZIZI Body Wash Mild Pump 500 ml,2.0,-0.0,Box,957749.8133788584,0.0,478874.9066894292,2021-08-31
FGB70008	,ZIZI Body Wash Mild Refill 450 ml,142.0,-0.0,Box,57420137.80789114,0.0,404367.1676612052,2021-08-31
FGB70044	,ZIZI Desinfektan Multi Purpose BKC 1.25% 1000 ml,0.0,-0.0,Box,0.0,0.0,0.0,2021-08-31
FGP70043	,ZIZI Desinfektan Multi Purpose BKC 1.25% 5000 ml (pcs),4.0,-0.0,pcs,170430.0,0.0,42607.5,2021-08-31
FGB70063	,ZIZI Dish Wash Lime Refill 800 ml,23.0,-0.0,Box,3205290.0,0.0,139360.43478260867,2021-08-31
FGP70024	,ZIZI Hand Sanitizer Gel Food Grade 5000 ml (pcs),10.0,-0.0,pcs,1400000.0,0.0,140000.0,2021-08-31
FGB70028	,ZIZI Hand Sanitizer Liquid Food Grade 1000 ml,3.0,-0.0,Box,1320000.0,0.0,440000.0,2021-08-31
FGP70031	,ZIZI Hand Sanitizer Liquid Food Grade 5000 ml (pcs),15.0,-0.0,pcs,2628000.0,0.0,175200.0,2021-08-31
FGB70032	,ZIZI Hand Sanitizer Liquid Food Grade Spray 60 ml,5.0,-0.0,Box,1822500.0,0.0,364500.0,2021-08-31
FGP70056	,ZIZI Hand Soap Strawberry 5000 ml (pcs),1.0,-0.0,pcs,56880.0,0.0,56880.0,2021-08-31
FGB70054	,ZIZI Hand Soap Strawberry Pump 500 ml,2.0,-0.0,Box,496800.0,0.0,248400.0,2021-08-31
FGM80039	,ZIZI Massage Oil Citrus 100 ml (pcs),3.0,-0.0,pcs,81000.0,0.0,27000.0,2021-08-31
FGM80040	,ZIZI Massage Oil Lemongrass 100 ml (pcs),9.0,-0.0,pcs,243000.0,0.0,27000.0,2021-08-31
FGB80007	,ZIZI Parfum Kasturi 8 ml,2.0,-0.0,Box,342000.0,0.0,171000.0,2021-08-31
FGB80008	,ZIZI Toothpaste 120 gr,6.0,-0.0,Box,4984920.0,0.0,830820.0,2021-08-31
MKG90003	,Brosur ZIZI,120.0,-0.0,pcs,0.0,0.0,0.0,2021-09-30
MKG90008	,Spanduk ZIZI 2X1 m,4.0,-0.0,pcs,0.0,0.0,0.0,2021-09-30
FGB80001	,ZIZI Aromatherapy Citrus 8 ml,6.0,-0.0,Box,806400.0,0.0,134400.0,2021-09-30
FGB80002	,ZIZI Aromatherapy Coffee 8 ml,3.0,-0.0,Box,403200.0,0.0,134400.0,2021-09-30
FGB80003	,ZIZI Aromatherapy Hot 8 ml,6.0,-0.0,Box,813870.0,0.0,135645.0,2021-09-30
FGB80038	,ZIZI Aromatherapy Kayu Putih 8 ml,3.0,-0.0,Box,403200.0,0.0,134400.0,2021-09-30
FGB80004	,ZIZI Aromatherapy Kids 8 ml,1.0,-0.0,Box,129600.0,0.0,129600.0,2021-09-30
FGB80005	,ZIZI Aromatherapy Lemongrass 8 ml,2.0,-0.0,Box,273600.0,0.0,136800.0,2021-09-30
FGB70070	,ZIZI Body Wash Floral 100 ml,3.0,-0.0,Box,866250.0,0.0,288750.0,2021-09-30
FGB70072	,ZIZI Body Wash Floral 250 ml,4.0,-0.0,Box,2250000.0,0.0,562500.0,2021-09-30
FGB70071	,ZIZI Body Wash Floral 500 ml,15.0,-0.0,Box,7546500.0,0.0,503100.0,2021-09-30
FGB70006	,ZIZI Body Wash Mild 100 ml,8.0,-0.0,Box,3441900.0,0.0,430237.5,2021-09-30
FGB70007	,ZIZI Body Wash Mild 250 ml,9.0,-0.0,Box,4980000.0,0.0,553333.3333333333,2021-09-30
FGB70036	,ZIZI Body Wash Mild Pump 1000 ml,10.0,-0.0,Box,5654400.0,0.0,565440.0,2021-09-30
FGB70035	,ZIZI Body Wash Mild Pump 500 ml,8.0,-0.0,Box,3942000.0,0.0,492750.0,2021-09-30
FGB70008	,ZIZI Body Wash Mild Refill 450 ml,172.0,-0.0,Box,68745157.5,0.0,399681.148255814,2021-09-30
FGP70043	,ZIZI Desinfektan Multi Purpose BKC 1.25% 5000 ml (pcs),27.0,-0.0,pcs,1061910.0,0.0,39330.0,2021-09-30
FGB70063	,ZIZI Dish Wash Lime Refill 800 ml,21.0,-0.0,Box,2920380.375,0.0,139065.73214285713,2021-09-30
FGP70024	,ZIZI Hand Sanitizer Gel Food Grade 5000 ml (pcs),20.0,-0.0,pcs,2800000.0,0.0,140000.0,2021-09-30
FGB70055	,ZIZI Hand Soap Strawberry 1000 ml,2.0,-0.0,Box,405840.0,0.0,202920.0,2021-09-30
FGB70054	,ZIZI Hand Soap Strawberry Pump 500 ml,1.0,-0.0,Box,276000.0,0.0,276000.0,2021-09-30
FGM80040	,ZIZI Massage Oil Lemongrass 100 ml (pcs),9.0,-0.0,pcs,249000.0,0.0,27666.666666666664,2021-09-30
FGB80007	,ZIZI Parfum Kasturi 8 ml,3.0,-0.0,Box,504000.0,0.0,168000.0,2021-09-30
FGB70059	,ZIZI Shampoo Anti Dandruff 200 ml,1.0,-0.0,Box,612000.0,0.0,612000.0,2021-09-30
FGB70060	,ZIZI Shampoo Anti Dandruff 500 ml,1.0,-0.0,Box,700000.0,0.0,700000.0,2021-09-30
FGB80008	,ZIZI Toothpaste 120 gr,6.0,-0.0,Box,4963509.0,0.0,827251.5,2021-09-30
MKG90003	,Brosur ZIZI,250.0,-0.0,pcs,0.0,0.0,0.0,2021-10-31
MKG90008	,Spanduk ZIZI 2X1 m,3.0,-0.0,pcs,0.0,0.0,0.0,2021-10-31
FGB80001	,ZIZI Aromatherapy Citrus 8 ml,12.0,-0.0,Box,1648800.0,0.0,137400.0,2021-10-31
FGB80002	,ZIZI Aromatherapy Coffee 8 ml,1.0,-0.0,Box,136800.0,0.0,136800.0,2021-10-31
FGB80003	,ZIZI Aromatherapy Hot 8 ml,14.0,-0.67,Box,1922400.0,-96480.0,137314.2857142857,2021-10-31
FGB80038	,ZIZI Aromatherapy Kayu Putih 8 ml,7.0,-0.0,Box,957600.0,0.0,136800.0,2021-10-31
FGB80004	,ZIZI Aromatherapy Kids 8 ml,2.0,-1.0,Box,273600.0,-144000.0,136800.0,2021-10-31
FGB80005	,ZIZI Aromatherapy Lemongrass 8 ml,5.0,-0.0,Box,684000.0,0.0,136800.0,2021-10-31
FGB70070	,ZIZI Body Wash Floral 100 ml,7.0,-0.0,Box,2577960.0,0.0,368280.0,2021-10-31
FGB70073	,ZIZI Body Wash Floral 1000 ml,0.0,-0.0,Box,0.0,0.0,0.0,2021-10-31
FGB70071	,ZIZI Body Wash Floral 500 ml,5.0,-0.0,Box,2484000.0,0.0,496800.0,2021-10-31
FGB70006	,ZIZI Body Wash Mild 100 ml,1.0,-3.0,Box,415800.0,-1386000.0,415800.0,2021-10-31
FGB70007	,ZIZI Body Wash Mild 250 ml,1.0,-2.0,Box,540000.0,-1200000.0,540000.0,2021-10-31
FGB70036	,ZIZI Body Wash Mild Pump 1000 ml,3.0,-0.0,Box,1607040.0,0.0,535680.0,2021-10-31
FGB70035	,ZIZI Body Wash Mild Pump 500 ml,4.0,-0.0,Box,1944000.0,0.0,486000.0,2021-10-31
FGB70008	,ZIZI Body Wash Mild Refill 450 ml,70.25,-0.0,Box,28270752.0,0.0,402430.63345195726,2021-10-31
FGB70063	,ZIZI Dish Wash Lime Refill 800 ml,13.0,-0.0,Box,1796850.0,0.0,138219.23076923075,2021-10-31
FGB70028	,ZIZI Hand Sanitizer Liquid Food Grade 1000 ml,2.0,-0.0,Box,756864.0,0.0,378432.0,2021-10-31
FGM80039	,ZIZI Massage Oil Citrus 100 ml (pcs),5.0,-0.0,pcs,142500.0,0.0,28500.0,2021-10-31
FGM80040	,ZIZI Massage Oil Lemongrass 100 ml (pcs),5.0,-0.0,pcs,142500.0,0.0,28500.0,2021-10-31
FGB80008	,ZIZI Toothpaste 120 gr,7.0,-0.0,Box,5735952.0,0.0,819421.7142857142,2021-10-31
MKG90003	,Brosur ZIZI,50.0,-0.0,pcs,0.0,0.0,0.0,2021-11-30
MKG90008	,Spanduk ZIZI 2X1 m,4.0,-0.0,pcs,0.0,0.0,0.0,2021-11-30
FGB80001	,ZIZI Aromatherapy Citrus 8 ml,3.0,-0.0,Box,428400.0,0.0,142800.0,2021-11-30
FGB80002	,ZIZI Aromatherapy Coffee 8 ml,2.0,-0.0,Box,259200.0,0.0,129600.0,2021-11-30
FGB80003	,ZIZI Aromatherapy Hot 8 ml,6.0,-0.0,Box,824400.0,0.0,137400.0,2021-11-30
FGB80038	,ZIZI Aromatherapy Kayu Putih 8 ml,4.0,-0.0,Box,529200.0,0.0,132300.0,2021-11-30
FGB80004	,ZIZI Aromatherapy Kids 8 ml,3.0,-0.0,Box,388800.0,0.0,129600.0,2021-11-30
FGB80005	,ZIZI Aromatherapy Lemongrass 8 ml,0.0,-0.0,Box,0.0,0.0,0.0,2021-11-30
FGB70070	,ZIZI Body Wash Floral 100 ml,4.0,-0.0,Box,1960800.0,0.0,490200.0,2021-11-30
FGB70072	,ZIZI Body Wash Floral 250 ml,2.0,-0.0,Box,1140000.0,0.0,570000.0,2021-11-30
FGB70071	,ZIZI Body Wash Floral Pump 500 ml,1.0,-0.0,Box,486000.0,0.0,486000.0,2021-11-30
FGB70006	,ZIZI Body Wash Mild 100 ml,13.0,-0.0,Box,5679900.0,0.0,436915.3846153846,2021-11-30
FGB70007	,ZIZI Body Wash Mild 250 ml,9.0,-0.0,Box,4920000.0,0.0,546666.6666666666,2021-11-30
FGB70036	,ZIZI Body Wash Mild Pump 1000 ml,2.0,-0.0,Box,1101120.0,0.0,550560.0,2021-11-30
FGB70035	,ZIZI Body Wash Mild Pump 500 ml,15.0,-0.0,Box,7452000.0,0.0,496800.0,2021-11-30
FGB70008	,ZIZI Body Wash Mild Refill 450 ml,204.0,-0.0,Box,81091260.0,0.0,397506.17647058814,2021-11-30
FGP70043	,ZIZI Desinfektan Multi Purpose BKC 1.25% 5000 ml (pcs),2.0,-0.0,pcs,87480.0,0.0,43740.0,2021-11-30
FGB70063	,ZIZI Dish Wash Lime Refill 800 ml,17.0,-0.0,Box,2413200.0,0.0,141952.94117647057,2021-11-30
FGB70028	,ZIZI Hand Sanitizer Liquid Food Grade 1000 ml,2.0,-0.0,Box,864000.0,0.0,432000.0,2021-11-30
FGP70031	,ZIZI Hand Sanitizer Liquid Food Grade 5000 ml (pcs),9.0,-0.0,pcs,1419120.0,0.0,157680.0,2021-11-30
FGB70052	,ZIZI Hand Soap Strawberry 100 ml,1.0,-0.0,Box,286200.0,0.0,286200.0,2021-11-30
FGB70055	,ZIZI Hand Soap Strawberry 1000 ml,1.0,-0.0,Box,192240.0,0.0,192240.0,2021-11-30
FGB70053	,ZIZI Hand Soap Strawberry 250 ml,2.0,-0.0,Box,648000.0,0.0,324000.0,2021-11-30
FGB70054	,ZIZI Hand Soap Strawberry Pump 500 ml,1.0,-0.0,Box,248400.0,0.0,248400.0,2021-11-30
FGM80039	,ZIZI Massage Oil Citrus 100 ml (pcs),11.0,-0.0,pcs,312000.0,0.0,28363.636363636364,2021-11-30
FGM80040	,ZIZI Massage Oil Lemongrass 100 ml (pcs),5.0,-0.0,pcs,138000.0,0.0,27600.0,2021-11-30
FGB80007	,ZIZI Parfum Kasturi 8 ml,8.0,-0.0,Box,1327500.0,0.0,165937.5,2021-11-30
FGB80008	,ZIZI Toothpaste 120 gr,9.0,-0.0,Box,7400520.0,0.0,822280.0,2021-11-30
FGB80001	,ZIZI Aromatherapy Citrus 8 ml,14.0,-0.0,Box,1954800.0,0.0,139628.57142857142,2021-12-31
FGB80002	,ZIZI Aromatherapy Coffee 8 ml,4.0,-0.0,Box,597600.0,0.0,149400.0,2021-12-31
FGB80003	,ZIZI Aromatherapy Hot 8 ml,4.0,-0.0,Box,547200.0,0.0,136800.0,2021-12-31
FGB80038	,ZIZI Aromatherapy Kayu Putih 8 ml,4.0,-0.0,Box,630000.0,0.0,157500.0,2021-12-31
FGB80004	,ZIZI Aromatherapy Kids 8 ml,6.0,-0.0,Box,784800.0,0.0,130800.0,2021-12-31
FGB80005	,ZIZI Aromatherapy Lemongrass 8 ml,8.0,-0.0,Box,1108800.0,0.0,138600.0,2021-12-31
FGB70006	,ZIZI Body Wash Mild 100 ml,10.0,-0.0,Box,0.0,0.0,0.0,2021-12-31
FGB70007	,ZIZI Body Wash Mild 250 ml,5.0,-0.0,Box,2962000.0,0.0,592400.0,2021-12-31
FGB70008	,ZIZI Body Wash Mild Refill 450 ml,95.0,-0.0,Box,38109420.0,0.0,401151.78947368416,2021-12-31
FGP70043	,ZIZI Desinfektan Multi Purpose BKC 1.25% 5000 ml (pcs),11.0,-0.0,pcs,478720.0,0.0,43520.0,2021-12-31
FGB70063	,ZIZI Dish Wash Lime Refill 800 ml,5.0,-0.0,Box,704220.0,0.0,140844.0,2021-12-31
FGP70024	,ZIZI Hand Sanitizer Gel Food Grade 5000 ml (pcs),10.0,-0.0,pcs,1400000.0,0.0,140000.0,2021-12-31
FGB70028	,ZIZI Hand Sanitizer Liquid Food Grade 1000 ml,2.0,-0.0,Box,864000.0,0.0,432000.0,2021-12-31
FGB70055	,ZIZI Hand Soap Strawberry 1000 ml,3.0,-0.0,Box,576720.0,0.0,192240.0,2021-12-31
FGB80008	,ZIZI Toothpaste 120 gr,7.0,-0.0,Box,5537160.0,0.0,791022.8571428572,2021-12-31
MKG90003	,Brosur ZIZI,75.0,-0.0,pcs,0.0,0.0,0.0,2022-01-31
FGB80001	,ZIZI Aromatherapy Citrus 8 ml,5.0,-0.0,Box,662400.0,0.0,132480.0,2022-01-31
FGB80002	,ZIZI Aromatherapy Coffee 8 ml,8.0,-0.0,Box,1051200.0,0.0,131400.0,2022-01-31
FGB80003	,ZIZI Aromatherapy Hot 8 ml,12.0,-0.0,Box,1584000.0,0.0,132000.0,2022-01-31
FGB80038	,ZIZI Aromatherapy Kayu Putih 8 ml,3.0,-0.0,Box,388800.0,0.0,129600.0,2022-01-31
FGB80004	,ZIZI Aromatherapy Kids 8 ml,12.0,-0.0,Box,1569600.0,0.0,130800.0,2022-01-31
FGB80005	,ZIZI Aromatherapy Lemongrass 8 ml,7.0,-0.0,Box,964800.0,0.0,137828.57142857142,2022-01-31
FGB70070	,ZIZI Body Wash Floral 100 ml,2.0,-0.0,Box,933300.0,0.0,466650.0,2022-01-31
FGB70007	,ZIZI Body Wash Mild 250 ml,0.0,-0.0,Box,0.0,0.0,0.0,2022-01-31
FGB70008	,ZIZI Body Wash Mild Refill 450 ml,116.0,-0.0,Box,47504940.0,0.0,409525.3448275863,2022-01-31
FGP70043	,ZIZI Desinfektan Multi Purpose BKC 1.25% 5000 ml (pcs),6.0,-0.0,pcs,130560.0,0.0,21760.0,2022-01-31
FGB70062	,ZIZI Dish Wash Lime Refill 400 ml,4.0,-0.0,Box,632400.0,0.0,158100.0,2022-01-31
FGB70063	,ZIZI Dish Wash Lime Refill 800 ml,11.0,-0.0,Box,1543200.0,0.0,140290.9090909091,2022-01-31
FGB70028	,ZIZI Hand Sanitizer Liquid Food Grade 1000 ml,0.0,-0.0,Box,0.0,0.0,0.0,2022-01-31
FGB70055	,ZIZI Hand Soap Strawberry 1000 ml,0.0,-0.0,Box,0.0,0.0,0.0,2022-01-31
FGB70054	,ZIZI Hand Soap Strawberry Pump 500 ml,1.0,-0.0,Box,248400.0,0.0,248400.0,2022-01-31
FGM80039	,ZIZI Massage Oil Citrus 100 ml (pcs),4.0,-0.0,pcs,108000.0,0.0,27000.0,2022-01-31
FGM80040	,ZIZI Massage Oil Lemongrass 100 ml (pcs),5.0,-0.0,pcs,135000.0,0.0,27000.0,2022-01-31
FGB80007	,ZIZI Parfum Kasturi 8 ml,4.0,-0.0,Box,610200.0,0.0,152550.0,2022-01-31
FGB80008	,ZIZI Toothpaste 120 gr,8.75,-0.0,Box,6596280.0,0.0,753860.5714285714,2022-01-31
FGB80001	,ZIZI Aromatherapy Citrus 8 ml,2.0,-0.0,Box,270000.0,0.0,135000.0,2022-02-28
FGB80002	,ZIZI Aromatherapy Coffee 8 ml,3.0,-0.0,Box,424800.0,0.0,141600.0,2022-02-28
FGB80003	,ZIZI Aromatherapy Hot 8 ml,4.0,-0.0,Box,549000.0,0.0,137250.0,2022-02-28
FGB80038	,ZIZI Aromatherapy Kayu Putih 8 ml,1.0,-0.0,Box,144000.0,0.0,144000.0,2022-02-28
FGB80004	,ZIZI Aromatherapy Kids 8 ml,1.0,-0.0,Box,144000.0,0.0,144000.0,2022-02-28
FGB80005	,ZIZI Aromatherapy Lemongrass 8 ml,3.0,-0.0,Box,424800.0,0.0,141600.0,2022-02-28
FGB70070	,ZIZI Body Wash Floral 100 ml,2.0,-0.0,Box,898800.0,0.0,449400.0,2022-02-28
FGB70072	,ZIZI Body Wash Floral 250 ml,2.0,-0.0,Box,1230000.0,0.0,615000.0,2022-02-28
FGB70073	,ZIZI Body Wash Floral Pump 1000 ml,2.0,-0.0,Box,1112760.0,0.0,556380.0,2022-02-28
FGB70071	,ZIZI Body Wash Floral Pump 500 ml,10.0,-0.0,Box,4910000.0,0.0,491000.0,2022-02-28
FGB70006	,ZIZI Body Wash Mild 100 ml,11.0,-0.0,Box,2696400.0,0.0,245127.2727272727,2022-02-28
FGB70007	,ZIZI Body Wash Mild 250 ml,8.0,-0.0,Box,4155000.0,0.0,519375.0,2022-02-28
FGB70036	,ZIZI Body Wash Mild Pump 1000 ml,1.0,-0.0,Box,659520.0,0.0,659520.0,2022-02-28
FGB70035	,ZIZI Body Wash Mild Pump 500 ml,19.0,-0.0,Box,9532000.000000002,0.0,501684.2105263158,2022-02-28
FGB70008	,ZIZI Body Wash Mild Refill 450 ml,105.0,-0.0,Box,44193120.0,0.0,420886.8571428571,2022-02-28
FGB70063	,ZIZI Dish Wash Lime Refill 800 ml,6.0,-0.0,Box,861890.0,0.0,143648.3333333333,2022-02-28
FGB70028	,ZIZI Hand Sanitizer Liquid Food Grade 1000 ml,0.0,-0.0,Box,0.0,0.0,0.0,2022-02-28
FGB70055	,ZIZI Hand Soap Strawberry 1000 ml,0.0,-0.0,Box,0.0,0.0,0.0,2022-02-28
FGP70056	,ZIZI Hand Soap Strawberry 5000 ml (pcs),1.0,-0.0,pcs,56980.0,0.0,56980.0,2022-02-28
FGB70054	,ZIZI Hand Soap Strawberry Pump 500 ml,1.0,-0.0,Box,262200.0,0.0,262200.0,2022-02-28
FGM80039	,ZIZI Massage Oil Citrus 100 ml (pcs),52.0,-0.0,pcs,1466250.0,0.0,28197.115384615383,2022-02-28
FGM80040	,ZIZI Massage Oil Lemongrass 100 ml (pcs),52.0,-0.0,pcs,1466250.0,0.0,28197.115384615383,2022-02-28
FGB80008	,ZIZI Toothpaste 120 gr,6.083,-0.0,Box,4530919.68,0.0,744849.5281933256,2022-02-28
MKG90003	,Brosur ZIZI,300.0,-0.0,pcs,0.0,0.0,0.0,2022-03-31
MKG90008	,Spanduk ZIZI 2X1 m,4.0,-0.0,pcs,0.0,0.0,0.0,2022-03-31
FGB80001	,ZIZI Aromatherapy Citrus 8 ml,10.0,-0.0,Box,1260000.0,0.0,126000.0,2022-03-31
FGB80002	,ZIZI Aromatherapy Coffee 8 ml,4.0,-0.0,Box,504000.0,0.0,126000.0,2022-03-31
FGB80003	,ZIZI Aromatherapy Hot 8 ml,4.0,-0.0,Box,522000.0,0.0,130500.0,2022-03-31
FGB80038	,ZIZI Aromatherapy Kayu Putih 8 ml,2.0,-0.0,Box,261000.0,0.0,130500.0,2022-03-31
FGB80004	,ZIZI Aromatherapy Kids 8 ml,2.0,-0.0,Box,270000.0,0.0,135000.0,2022-03-31
FGB80005	,ZIZI Aromatherapy Lemongrass 8 ml,2.0,-0.0,Box,252000.0,0.0,126000.0,2022-03-31
FGB70070	,ZIZI Body Wash Floral 100 ml,5.0,-0.0,Box,2415000.0,0.0,483000.0,2022-03-31
FGB70072	,ZIZI Body Wash Floral 250 ml,1.0,-0.0,Box,574000.0,0.0,574000.0,2022-03-31
FGB70073	,ZIZI Body Wash Floral Pump 1000 ml,2.0,-0.0,Box,1195380.0,0.0,597690.0,2022-03-31
FGB70006	,ZIZI Body Wash Mild 100 ml,4.0,-0.0,Box,2001000.0,0.0,500250.0,2022-03-31
FGB70007	,ZIZI Body Wash Mild 250 ml,3.0,-0.0,Box,1763000.0,0.0,587666.6666666666,2022-03-31
FGB70036	,ZIZI Body Wash Mild Pump 1000 ml,2.0,-0.0,Box,1154160.0,0.0,577080.0,2022-03-31
FGB70035	,ZIZI Body Wash Mild Pump 500 ml,16.0,-0.0,Box,8429500.0,0.0,526843.75,2022-03-31
FGB70008	,ZIZI Body Wash Mild Refill 450 ml,141.0,-0.0,Box,60035880.0,0.0,425786.3829787234,2022-03-31
FGP70043	,ZIZI Desinfektan Multi Purpose BKC 1.25% 5000 ml (pcs),3.0,-0.0,pcs,0.0,0.0,0.0,2022-03-31
FGB70062	,ZIZI Dish Wash Lime Refill 400 ml,3.0,-0.0,Box,448800.0,0.0,149600.0,2022-03-31
FGB70063	,ZIZI Dish Wash Lime Refill 800 ml,9.0,-0.0,Box,1251600.0,0.0,139066.66666666666,2022-03-31
FGB70023	,ZIZI Hand Sanitizer Gel Food Grade Pump 500 ml,1.0,-0.0,Box,383600.0,0.0,383600.0,2022-03-31
FGB70028	,ZIZI Hand Sanitizer Liquid Food Grade 1000 ml,0.0,-0.0,Box,0.0,0.0,0.0,2022-03-31
FGB70055	,ZIZI Hand Soap Strawberry 1000 ml,0.0,-0.0,Box,0.0,0.0,0.0,2022-03-31
FGB70054	,ZIZI Hand Soap Strawberry Pump 500 ml,1.0,-0.0,Box,239400.0,0.0,239400.0,2022-03-31
FGM80039	,ZIZI Massage Oil Citrus 100 ml (pcs),4.0,-0.0,pcs,105000.0,0.0,26250.0,2022-03-31
FGM80040	,ZIZI Massage Oil Lemongrass 100 ml (pcs),1.0,-0.0,pcs,26250.0,0.0,26250.0,2022-03-31
FGB80007	,ZIZI Parfum Kasturi 8 ml,3.0,-0.0,Box,630000.0,0.0,210000.0,2022-03-31
FGB70059	,ZIZI Shampoo Anti Dandruff 200 ml,0.0,-0.0,Box,0.0,0.0,0.0,2022-03-31
FGB70060	,ZIZI Shampoo Anti Dandruff 500 ml,0.0,-0.0,Box,0.0,0.0,0.0,2022-03-31
FGB70058	,ZIZI Shampoo Anti Dandruff 70 ml,0.0,-0.0,Box,0.0,0.0,0.0,2022-03-31
FGB80008	,ZIZI Toothpaste 120 gr,6.0,-0.0,Box,4309920.0,0.0,718320.0,2022-03-31
FGB80038	,ZIZI Aromatherapy Kayu Putih 8 ml,1.0,-0.0,Box,126000.0,0.0,126000.0,2022-04-30
FGB80004	,ZIZI Aromatherapy Kids 8 ml,1.0,-0.0,Box,126000.0,0.0,126000.0,2022-04-30
FGB80005	,ZIZI Aromatherapy Lemongrass 8 ml,1.0,-0.0,Box,162000.0,0.0,162000.0,2022-04-30
FGB70070	,ZIZI Body Wash Floral 100 ml,3.0,-0.0,Box,1449000.0,0.0,483000.0,2022-04-30
FGB70072	,ZIZI Body Wash Floral 250 ml,3.0,-0.0,Box,1804000.0,0.0,601333.3333333333,2022-04-30
FGB70073	,ZIZI Body Wash Floral Pump 1000 ml,2.0,-0.0,Box,1154160.0,0.0,577080.0,2022-04-30
FGB70071	,ZIZI Body Wash Floral Pump 500 ml,7.0,-0.0,Box,3650000.0,0.0,521428.57142857136,2022-04-30
FGB70006	,ZIZI Body Wash Mild 100 ml,8.0,-0.0,Box,4036500.0,0.0,504562.5,2022-04-30
FGB70007	,ZIZI Body Wash Mild 250 ml,3.0,-0.0,Box,1763000.0,0.0,587666.6666666666,2022-04-30
FGB70036	,ZIZI Body Wash Mild Pump 1000 ml,6.0,-0.0,Box,3627360.0,0.0,604560.0,2022-04-30
FGB70035	,ZIZI Body Wash Mild Pump 500 ml,4.0,-0.0,Box,2044000.0,0.0,511000.0,2022-04-30
FGB70008	,ZIZI Body Wash Mild Refill 450 ml,93.0,-0.0,Box,40257360.0,0.0,432874.8387096775,2022-04-30
FGB70062	,ZIZI Dish Wash Lime Refill 400 ml,5.0,-0.0,Box,756000.0,0.0,151200.0,2022-04-30
FGB70063	,ZIZI Dish Wash Lime Refill 800 ml,15.0,-0.0,Box,2003400.0,0.0,133560.0,2022-04-30
FGP70031	,ZIZI Hand Sanitizer Liquid Food Grade 5000 ml (pcs),1.0,-0.0,pcs,150300.0,0.0,150300.0,2022-04-30
FGM80039	,ZIZI Massage Oil Citrus 100 ml (pcs),1.0,-0.0,pcs,26250.0,0.0,26250.0,2022-04-30
FGM80040	,ZIZI Massage Oil Lemongrass 100 ml (pcs),0.0,-0.0,pcs,0.0,0.0,0.0,2022-04-30
FGB70059	,ZIZI Shampoo Anti Dandruff 200 ml,0.0,-0.0,Box,0.0,0.0,0.0,2022-04-30
FGB70060	,ZIZI Shampoo Anti Dandruff 500 ml,0.0,-0.0,Box,0.0,0.0,0.0,2022-04-30
FGB70058	,ZIZI Shampoo Anti Dandruff 70 ml,0.0,-0.0,Box,0.0,0.0,0.0,2022-04-30
FGB80008	,ZIZI Toothpaste 120 gr,4.5,-0.0,Box,2872800.0,0.0,638400.0,2022-04-30
MKG90003	,Brosur ZIZI,250.0,-0.0,pcs,0.0,0.0,0.0,2022-05-31
MKG90008	,Spanduk ZIZI 2X1 m,7.0,-0.0,pcs,0.0,0.0,0.0,2022-05-31
FGB80001	,ZIZI Aromatherapy Citrus 8 ml,2.0,-0.0,Box,270000.0,0.0,135000.0,2022-05-31
FGB80002	,ZIZI Aromatherapy Coffee 8 ml,5.0,-0.0,Box,630000.0,0.0,126000.0,2022-05-31
FGB80003	,ZIZI Aromatherapy Hot 8 ml,10.0,-0.0,Box,1260000.0,0.0,126000.0,2022-05-31
FGB80038	,ZIZI Aromatherapy Kayu Putih 8 ml,1.0,-0.0,Box,144000.0,0.0,144000.0,2022-05-31
FGB80004	,ZIZI Aromatherapy Kids 8 ml,1.0,-0.0,Box,144000.0,0.0,144000.0,2022-05-31
FGB80005	,ZIZI Aromatherapy Lemongrass 8 ml,1.0,-0.0,Box,144000.0,0.0,144000.0,2022-05-31
FGB70070	,ZIZI Body Wash Floral 100 ml,0.0,-0.0,Box,0.0,0.0,0.0,2022-05-31
FGB70072	,ZIZI Body Wash Floral 250 ml,5.0,-0.0,Box,2911000.0,0.0,582200.0,2022-05-31
FGB70073	,ZIZI Body Wash Floral Pump 1000 ml,2.0,-0.0,Box,1154160.0,0.0,577080.0,2022-05-31
FGB70071	,ZIZI Body Wash Floral Pump 500 ml,21.0,-0.0,Box,10767500.0,0.0,512738.0952380952,2022-05-31
FGB70006	,ZIZI Body Wash Mild 100 ml,6.0,-0.0,Box,2932500.0,0.0,488750.0,2022-05-31
FGB70007	,ZIZI Body Wash Mild 250 ml,3.0,-0.0,Box,1886000.0,0.0,628666.6666666666,2022-05-31
FGB70036	,ZIZI Body Wash Mild Pump 1000 ml,1.0,-0.0,Box,577080.0,0.0,577080.0,2022-05-31
FGB70035	,ZIZI Body Wash Mild Pump 500 ml,19.0,-0.0,Box,9855000.000000002,0.0,518684.2105263158,2022-05-31
FGB70008	,ZIZI Body Wash Mild Refill 450 ml,189.0,-0.0,Box,82123800.0,0.0,434517.4603174603,2022-05-31
FGB70062	,ZIZI Dish Wash Lime Refill 400 ml,10.0,-0.0,Box,1576800.0,0.0,157680.0,2022-05-31
FGB70063	,ZIZI Dish Wash Lime Refill 800 ml,8.0,-0.0,Box,1144800.0,0.0,143100.0,2022-05-31
FGB70041	,ZIZI Hand Sanitizer Liquid Food Grade Spray 100 ml,3.0,-0.0,Box,1549800.0,0.0,516600.0,2022-05-31
FGB70052	,ZIZI Hand Soap Strawberry 100 ml,0.0,-0.0,Box,0.0,0.0,0.0,2022-05-31
FGB70053	,ZIZI Hand Soap Strawberry 250 ml,1.0,-0.0,Box,288400.0,0.0,288400.0,2022-05-31
FGM80039	,ZIZI Massage Oil Citrus 100 ml (pcs),6.0,-0.0,pcs,157500.0,0.0,26250.0,2022-05-31
FGM80040	,ZIZI Massage Oil Lemongrass 100 ml (pcs),3.0,-0.0,pcs,78750.0,0.0,26250.0,2022-05-31
FGB80007	,ZIZI Parfum Kasturi 8 ml,1.0,-0.0,Box,240000.0,0.0,240000.0,2022-05-31
FGB70059	,ZIZI Shampoo Anti Dandruff 200 ml,7.0,-0.0,Box,4351200.0,0.0,621600.0,2022-05-31
FGB70060	,ZIZI Shampoo Anti Dandruff 500 ml,0.0,-0.0,Box,0.0,0.0,0.0,2022-05-31
FGB70058	,ZIZI Shampoo Anti Dandruff 70 ml,5.0,-0.0,Box,2394000.0,0.0,478800.0,2022-05-31
FGB80008	,ZIZI Toothpaste 120 gr,13.079,-0.0,Box,9513403.2,0.0,727380.01376252,2022-05-31
